,ADAPTIVITY,ATTLNACT,BELONG,BSMJ,DISCLIMA,EMOSUPS,GFOFAIL,GRADE,METASUM,PERCOMP,PERCOOP,PV1MATH,PV1READ,PV1SCIE,REPEAT,SCREADCOMP,SCREADDIFF,ST004D01T,ST184Q01HA,ST185Q01HA,ST206Q01HA,ST207Q01HA,ST207Q02HA,ST207Q03HA,ST207Q04HA,ST207Q05HA,SWBP,TEACHINT,TEACHSUP,UNDREM,WORKMAST
ALB,21,3,1,21,21,2,6,21,21,21,9,5,21,21,21,21,8,7,21,21,10,21,4,21,21,21,21,21,21,21,21
ARE,21,21,1,21,5,8,21,21,21,21,9,21,7,21,21,21,3,2,21,21,21,4,10,6,21,21,21,21,21,21,21
ARG,21,21,1,21,21,5,21,21,21,3,7,21,10,21,21,21,21,21,21,21,2,6,4,21,8,9,21,21,21,21,21
AUS,21,21,1,21,5,3,21,21,21,8,4,21,9,21,21,21,21,21,6,21,21,2,21,7,10,21,21,21,21,21,21
AUT,21,21,2,21,6,3,10,21,21,8,1,21,21,9,21,21,21,21,21,21,4,21,7,5,21,21,21,21,21,21,21
BEL,21,21,1,21,21,10,4,21,21,2,21,6,21,21,9,21,21,8,21,21,21,21,3,21,5,7,21,21,21,21,21
BGR,21,21,2,21,21,1,21,21,21,5,6,21,21,21,21,21,21,21,21,21,7,3,8,10,9,4,21,21,21,21,21
BIH,21,21,1,21,10,2,21,21,21,21,8,21,21,21,21,21,7,21,21,21,9,6,4,21,5,3,21,21,21,21,21
BLR,21,21,1,21,4,2,21,21,21,3,5,21,7,21,21,21,21,9,21,21,21,21,10,21,8,6,21,21,21,21,21
BRA,21,21,1,21,21,2,21,21,21,3,4,21,21,21,21,21,21,8,21,21,5,6,7,21,9,10,21,21,21,21,21
BRN,21,21,4,21,8,9,21,21,21,10,2,21,5,21,21,21,21,21,21,21,7,21,6,1,21,3,21,21,21,21,21
CAN,21,21,1,21,5,21,21,21,21,21,21,9,21,10,21,21,21,21,21,21,21,3,7,4,8,6,2,21,21,21,21
CHE,21,21,2,21,21,1,21,21,21,6,4,9,21,21,21,21,21,21,21,21,10,5,21,3,8,7,21,21,21,21,21
CHL,21,21,1,21,21,3,21,21,21,9,8,21,10,21,21,21,21,21,21,21,6,2,4,5,21,7,21,21,21,21,21
COL,21,21,1,21,7,2,21,21,21,5,6,21,21,21,21,21,21,21,9,21,3,10,8,21,21,4,21,21,21,21,21
CRI,21,21,1,21,7,2,3,21,21,6,8,21,21,21,10,21,21,21,21,21,21,4,5,21,9,21,21,21,21,21,21
CZE,21,21,1,21,5,21,21,21,21,2,4,21,9,21,21,21,21,21,21,21,3,7,21,21,10,6,8,21,21,21,21
DEU,21,21,5,21,21,21,21,21,21,9,2,10,21,21,21,21,21,21,21,21,1,4,3,6,8,7,21,21,21,21,21
DNK,21,21,2,21,21,7,8,21,21,5,4,21,6,21,21,21,21,21,21,21,1,9,10,21,21,21,3,21,21,21,21
DOM,21,21,4,21,21,8,21,21,21,1,2,21,6,21,9,21,21,21,21,21,21,21,10,5,7,3,21,21,21,21,21
ESP,21,21,1,21,21,2,21,21,21,6,21,8,21,9,10,21,21,21,21,21,3,4,5,7,21,21,21,21,21,21,21
EST,21,21,1,21,21,4,21,21,21,5,9,21,7,8,21,21,21,21,10,21,21,6,2,21,3,21,21,21,21,21,21
FIN,21,21,1,21,21,21,7,10,21,4,6,8,21,21,21,21,9,21,21,21,21,3,21,21,21,5,2,21,21,21,21
FRA,21,21,1,21,21,3,21,21,21,4,21,21,21,7,21,21,21,21,21,21,8,10,2,9,6,5,21,21,21,21,21
GBR,21,21,1,21,7,21,5,21,21,9,21,21,8,21,21,21,21,21,21,21,21,2,4,6,10,21,3,21,21,21,21
GEO,21,10,1,21,9,4,21,21,21,7,5,21,6,21,21,21,21,21,21,21,21,2,3,21,8,21,21,21,21,21,21
GRC,21,21,1,21,21,3,21,21,21,6,21,21,5,21,21,21,21,7,21,21,21,4,2,10,8,9,21,21,21,21,21
HKG,21,21,1,21,6,4,21,21,21,21,7,21,8,21,21,21,21,2,21,21,21,3,5,21,10,9,21,21,21,21,21
HRV,21,21,1,21,21,3,21,10,21,2,21,9,21,21,21,21,21,21,21,21,6,4,8,21,21,5,7,21,21,21,21
HUN,21,21,1,21,21,2,21,21,21,6,5,21,21,21,21,21,21,21,10,21,7,8,4,21,21,3,9,21,21,21,21
IDN,21,21,1,21,7,21,21,4,21,21,21,9,3,21,21,21,21,2,10,21,6,21,21,8,21,5,21,21,21,21,21
IRL,21,21,1,21,4,5,10,21,21,6,21,21,9,7,21,21,21,21,21,21,2,8,3,21,21,21,21,21,21,21,21
ISL,21,4,1,21,21,2,9,21,21,21,3,8,21,10,21,21,21,21,21,21,21,6,5,7,21,21,21,21,21,21,21
ITA,21,21,2,21,21,3,21,21,21,9,21,21,7,21,21,21,21,21,21,21,8,4,1,5,10,6,21,21,21,21,21
JOR,21,8,2,21,21,5,21,21,21,21,21,21,21,21,21,21,10,1,21,21,3,21,4,9,6,7,21,21,21,21,21
JPN,9,21,1,21,2,8,6,21,21,21,21,21,21,21,21,4,21,10,21,21,21,7,21,21,21,5,3,21,21,21,21
KAZ,21,21,1,21,21,4,21,21,21,5,3,21,7,21,21,21,21,2,21,21,21,10,9,8,6,21,21,21,21,21,21
KOR,7,21,1,10,21,5,2,21,21,4,21,21,21,21,21,21,21,21,21,6,21,21,21,21,21,21,3,8,9,21,21
KSV,21,21,2,21,21,1,21,21,21,21,7,21,21,21,21,21,3,4,21,21,6,21,5,21,9,8,21,21,21,21,10
LTU,21,10,4,21,21,2,9,21,21,5,6,21,1,8,21,21,21,21,21,21,21,21,21,21,7,3,21,21,21,21,21
LUX,21,21,1,21,21,6,21,2,21,4,21,21,8,21,21,21,21,5,21,21,3,7,21,21,10,21,9,21,21,21,21
LVA,21,21,1,21,8,9,21,21,21,6,21,2,21,21,21,21,21,21,4,21,21,5,3,21,21,7,21,10,21,21,21
MAC,21,21,1,21,10,9,21,7,21,21,21,21,5,6,21,21,21,4,21,21,21,2,3,21,21,21,8,21,21,21,21
MAR,21,21,6,21,21,3,21,21,21,4,2,21,21,21,21,21,21,7,21,21,1,5,10,21,9,8,21,21,21,21,21
MDA,21,21,1,21,3,7,21,21,21,10,2,21,21,21,21,21,21,21,21,4,5,21,6,21,9,8,21,21,21,21,21
MEX,21,21,3,21,8,1,21,21,21,4,5,21,21,9,21,21,21,21,21,21,21,10,6,7,21,2,21,21,21,21,21
MLT,21,21,1,21,8,4,21,21,9,21,21,21,10,21,21,21,21,2,21,21,5,6,7,3,21,21,21,21,21,21,21
MNE,21,21,1,21,9,2,21,21,21,21,10,21,21,21,21,21,7,21,21,21,6,21,5,8,21,3,4,21,21,21,21
MYS,21,21,1,21,2,8,21,21,21,21,5,4,21,3,21,21,21,6,10,21,21,9,21,21,21,7,21,21,21,21,21
NLD,21,21,1,21,21,10,21,21,21,6,3,21,21,21,9,21,21,21,21,21,7,2,4,21,5,8,21,21,21,21,21
NOR,21,21,1,21,7,2,21,21,21,21,21,21,5,9,21,21,21,21,21,21,3,6,21,21,8,21,21,10,21,21,4
NZL,21,21,1,21,6,4,21,21,21,9,5,21,21,21,21,21,21,21,21,21,10,3,21,2,8,7,21,21,21,21,21
PAN,21,21,9,21,21,2,21,21,21,1,4,10,21,8,21,21,21,21,21,21,3,6,21,21,5,7,21,21,21,21,21
PER,21,21,5,21,7,3,21,21,21,4,1,21,21,21,21,21,21,21,21,21,2,21,6,8,10,9,21,21,21,21,21
PHL,21,21,10,21,21,1,9,21,21,3,5,4,2,21,8,21,21,6,21,21,21,21,21,21,21,7,21,21,21,21,21
POL,21,21,2,21,10,4,21,21,21,8,5,21,21,21,21,21,21,21,21,21,1,7,3,21,9,6,21,21,21,21,21
PRT,21,21,1,21,21,3,7,21,21,8,21,21,4,5,2,21,21,21,21,21,6,10,9,21,21,21,21,21,21,21,21
QAT,21,21,1,21,21,3,21,21,21,21,21,21,9,21,21,21,7,2,4,21,8,10,21,21,5,6,21,21,21,21,21
QAZ,21,21,2,21,21,1,21,21,21,3,5,21,21,21,21,21,21,4,7,21,10,21,6,8,21,9,21,21,21,21,21
QCI,21,21,1,21,2,21,21,21,21,6,8,21,21,21,21,21,21,3,21,21,4,7,5,21,10,21,9,21,21,21,21
QMR,21,4,3,21,7,1,21,21,21,6,21,21,5,21,21,21,8,21,21,21,21,9,21,21,21,2,21,21,21,10,21
QRT,21,21,1,21,21,3,21,21,21,2,9,21,7,21,21,21,21,21,8,21,21,21,4,6,5,21,21,21,21,10,21
ROU,21,21,1,21,3,2,21,21,21,10,4,21,7,21,21,21,21,21,21,21,21,9,21,21,6,5,8,21,21,21,21
RUS,21,21,1,21,9,5,21,21,21,2,21,21,4,21,21,21,21,21,21,21,8,6,7,10,21,3,21,21,21,21,21
SAU,21,21,4,21,10,2,21,21,21,21,3,21,21,21,21,21,21,5,21,21,1,7,9,21,8,6,21,21,21,21,21
SGP,21,21,1,21,6,21,21,9,21,8,5,7,2,10,21,21,21,4,21,21,21,3,21,21,21,21,21,21,21,21,21
SRB,21,21,1,21,21,2,6,21,21,4,5,21,21,21,21,21,21,21,21,21,3,8,7,10,21,9,21,21,21,21,21
SVK,21,21,1,21,21,2,21,21,21,9,8,21,21,21,21,21,21,21,21,21,10,5,3,7,21,4,6,21,21,21,21
SVN,21,7,1,21,21,2,21,21,10,3,6,21,5,21,21,21,21,21,21,21,21,21,8,9,21,4,21,21,21,21,21
SWE,21,21,1,21,5,21,6,21,21,3,21,7,8,21,21,21,21,21,21,21,21,4,21,21,21,9,2,21,10,21,21
TAP,21,10,1,21,4,5,21,3,21,21,9,7,21,21,21,21,21,21,21,21,2,8,6,21,21,21,21,21,21,21,21
THA,21,21,1,21,21,8,21,21,21,9,21,6,2,21,21,21,21,3,21,21,21,21,10,7,5,4,21,21,21,21,21
TUR,21,21,1,21,8,2,10,21,21,21,9,21,4,21,21,21,21,3,21,21,21,21,5,7,6,21,21,21,21,21,21
UKR,21,21,1,21,3,6,21,8,21,5,4,21,10,21,21,21,21,21,21,21,2,21,7,21,9,21,21,21,21,21,21
URY,21,21,4,21,21,1,21,21,21,2,21,10,21,21,21,21,21,9,21,21,6,5,3,21,8,7,21,21,21,21,21
USA,21,21,1,21,9,21,10,21,21,21,21,6,4,21,8,21,21,21,21,3,7,2,5,21,21,21,21,21,21,21,21
VNM,21,21,1,21,7,21,9,4,21,5,21,21,21,21,3,21,21,2,21,21,21,21,21,6,8,21,21,21,10,21,21
