,ALB,ARE,ARG,AUS,AUT,BEL,BGR,BIH,BLR,BRA,BRN,CAN,CHE,CHL,COL,CRI,CZE,DEU,DNK,DOM,ESP,EST,FIN,FRA,GBR,GEO,GRC,HKG,HRV,HUN,IDN,IRL,ISL,ITA,JOR,JPN,KAZ,KOR,KSV,LTU,LUX,LVA,MAC,MAR,MDA,MEX,MLT,MNE,MYS,NLD,NOR,NZL,PAN,PER,PHL,POL,PRT,QAT,QAZ,QCI,QMR,QRT,ROU,RUS,SAU,SGP,SRB,SVK,SVN,SWE,TAP,THA,TUR,UKR,URY,USA,VNM
ALB,0.0,360.0,440.0,475.0,384.0,467.0,424.0,374.0,361.0,370.0,434.0,491.0,418.0,480.0,412.0,426.0,446.0,548.0,418.0,492.0,444.0,444.0,487.0,398.0,410.0,390.0,442.0,430.0,434.0,404.0,354.0,454.0,440.0,379.0,366.0,601.0,334.0,541.0,330.0,398.0,516.0,374.0,476.0,449.0,468.0,458.0,370.0,336.0,513.0,548.0,452.0,432.0,406.0,480.0,340.0,452.0,492.0,346.0,406.0,520.0,470.0,407.0,408.0,363.0,350.0,532.0,326.0,496.0,401.0,494.0,474.0,476.0,380.0,413.0,418.0,429.0,582.0
ARE,360.0,0.0,442.0,339.0,402.0,349.0,312.0,360.0,317.0,316.0,370.0,535.0,346.0,374.0,328.0,324.0,356.0,412.0,354.0,418.0,344.0,380.0,388.0,354.0,374.0,338.0,416.0,482.0,330.0,388.0,324.0,426.0,412.0,315.0,300.0,565.0,318.0,544.0,354.0,374.0,382.0,366.0,396.0,379.0,426.0,298.0,376.0,354.0,527.0,580.0,434.0,356.0,370.0,372.0,342.0,388.0,458.0,246.0,432.0,430.0,470.0,352.0,400.0,325.0,384.0,496.0,346.0,396.0,388.0,418.0,476.0,350.0,350.0,417.0,430.0,388.0,518.0
ARG,440.0,442.0,0.0,443.0,352.0,451.0,368.0,374.0,435.0,328.0,366.0,603.0,390.0,428.0,404.0,428.0,444.0,446.0,356.0,432.0,380.0,404.0,506.0,416.0,442.0,430.0,336.0,600.0,388.0,374.0,476.0,360.0,470.0,387.0,386.0,641.0,406.0,508.0,392.0,368.0,494.0,406.0,508.0,433.0,446.0,422.0,372.0,350.0,617.0,544.0,447.0,386.0,376.0,462.0,392.0,408.0,446.0,404.0,398.0,524.0,396.0,449.0,376.0,363.0,324.0,492.0,420.0,396.0,356.0,453.0,470.0,450.0,412.0,361.0,360.0,524.0,472.0
AUS,475.0,339.0,443.0,0.0,395.0,340.0,363.0,381.0,368.0,383.0,391.0,582.0,389.0,393.0,243.0,433.0,331.0,421.0,317.0,411.0,361.0,407.0,389.0,435.0,389.0,351.0,397.0,501.0,341.0,407.0,299.0,409.0,439.0,322.0,409.0,516.0,403.0,571.0,405.0,365.0,463.0,337.0,383.0,430.0,485.0,347.0,417.0,429.0,506.0,539.0,441.0,383.0,451.0,401.0,343.0,353.0,489.0,421.0,423.0,449.0,471.0,365.0,373.0,374.0,425.0,429.0,385.0,379.0,425.0,503.0,547.0,441.0,391.0,352.0,437.0,361.0,459.0
AUT,384.0,402.0,352.0,395.0,0.0,427.0,414.0,374.0,417.0,388.0,322.0,547.0,410.0,368.0,428.0,398.0,396.0,402.0,344.0,456.0,404.0,370.0,417.0,408.0,436.0,416.0,436.0,526.0,416.0,362.0,416.0,346.0,452.0,389.0,380.0,631.0,384.0,540.0,372.0,328.0,434.0,370.0,504.0,427.0,444.0,396.0,350.0,444.0,549.0,468.0,489.0,358.0,456.0,442.0,458.0,430.0,452.0,376.0,410.0,480.0,376.0,408.0,478.0,367.0,314.0,468.0,370.0,382.0,427.0,477.0,472.0,428.0,420.0,423.0,404.0,423.0,488.0
BEL,467.0,349.0,451.0,340.0,427.0,0.0,409.0,419.0,320.0,395.0,409.0,620.0,375.0,379.0,347.0,361.0,373.0,417.0,439.0,387.0,337.0,411.0,389.0,377.0,445.0,425.0,441.0,475.0,399.0,311.0,387.0,445.0,519.0,376.0,387.0,586.0,393.0,555.0,405.0,419.0,385.0,403.0,427.0,396.0,449.0,367.0,425.0,415.0,486.0,553.0,493.0,397.0,409.0,319.0,349.0,439.0,455.0,433.0,423.0,423.0,449.0,457.0,361.0,404.0,465.0,527.0,363.0,395.0,441.0,521.0,421.0,359.0,425.0,398.0,387.0,415.0,479.0
BGR,424.0,312.0,368.0,363.0,414.0,409.0,0.0,296.0,411.0,344.0,340.0,541.0,380.0,424.0,286.0,414.0,390.0,472.0,298.0,410.0,350.0,396.0,462.0,356.0,328.0,314.0,340.0,494.0,336.0,408.0,376.0,438.0,442.0,333.0,264.0,571.0,394.0,612.0,350.0,366.0,472.0,372.0,438.0,347.0,456.0,412.0,400.0,368.0,485.0,632.0,459.0,416.0,354.0,412.0,348.0,360.0,456.0,310.0,298.0,474.0,466.0,337.0,420.0,311.0,328.0,582.0,410.0,314.0,332.0,485.0,586.0,464.0,366.0,397.0,368.0,428.0,494.0
BIH,374.0,360.0,374.0,381.0,374.0,419.0,296.0,0.0,345.0,356.0,300.0,495.0,380.0,398.0,352.0,378.0,320.0,374.0,350.0,452.0,370.0,366.0,391.0,400.0,352.0,250.0,254.0,504.0,358.0,432.0,424.0,370.0,398.0,357.0,336.0,513.0,360.0,565.0,310.0,326.0,382.0,410.0,468.0,369.0,438.0,404.0,284.0,274.0,493.0,620.0,477.0,350.0,294.0,414.0,324.0,356.0,404.0,364.0,332.0,546.0,358.0,271.0,364.0,373.0,276.0,560.0,332.0,296.0,343.0,490.0,500.0,428.0,282.0,337.0,386.0,403.0,574.0
BLR,361.0,317.0,435.0,368.0,417.0,320.0,411.0,345.0,0.0,369.0,363.0,580.0,411.0,417.0,331.0,367.0,357.0,393.0,381.0,455.0,395.0,359.0,435.0,447.0,451.0,311.0,419.0,471.0,359.0,337.0,377.0,387.0,353.0,364.0,375.0,480.0,331.0,517.0,405.0,341.0,383.0,423.0,437.0,430.0,473.0,339.0,333.0,335.0,484.0,539.0,427.0,373.0,363.0,393.0,297.0,389.0,433.0,393.0,347.0,471.0,383.0,323.0,333.0,332.0,405.0,503.0,317.0,439.0,369.0,541.0,525.0,431.0,305.0,398.0,427.0,409.0,567.0
BRA,370.0,316.0,328.0,383.0,388.0,395.0,344.0,356.0,369.0,0.0,366.0,519.0,340.0,418.0,336.0,366.0,338.0,372.0,284.0,480.0,370.0,376.0,416.0,350.0,424.0,356.0,392.0,526.0,342.0,348.0,392.0,414.0,410.0,327.0,336.0,579.0,306.0,574.0,322.0,392.0,382.0,372.0,478.0,425.0,464.0,388.0,376.0,390.0,497.0,498.0,479.0,334.0,354.0,386.0,426.0,422.0,432.0,346.0,370.0,450.0,470.0,350.0,414.0,353.0,334.0,486.0,402.0,342.0,266.0,468.0,482.0,380.0,296.0,397.0,292.0,418.0,494.0
BRN,434.0,370.0,366.0,391.0,322.0,409.0,340.0,300.0,363.0,366.0,0.0,543.0,396.0,418.0,352.0,394.0,312.0,370.0,358.0,378.0,362.0,388.0,404.0,394.0,358.0,340.0,344.0,580.0,288.0,338.0,362.0,414.0,412.0,383.0,332.0,593.0,330.0,564.0,452.0,314.0,408.0,390.0,466.0,445.0,434.0,396.0,320.0,370.0,481.0,566.0,458.0,440.0,336.0,440.0,378.0,328.0,506.0,388.0,368.0,444.0,372.0,360.0,426.0,349.0,334.0,454.0,342.0,352.0,352.0,518.0,470.0,360.0,336.0,331.0,384.0,384.0,548.0
CAN,491.0,535.0,603.0,582.0,547.0,620.0,541.0,495.0,580.0,519.0,543.0,0.0,599.0,499.0,561.0,563.0,533.0,559.0,475.0,557.0,605.0,471.0,563.0,569.0,533.0,499.0,535.0,567.0,539.0,617.0,609.0,587.0,585.0,534.0,523.0,630.0,543.0,679.0,471.0,547.0,575.0,549.0,589.0,524.0,563.0,557.0,531.0,535.0,584.0,629.0,603.0,485.0,529.0,591.0,629.0,563.0,675.0,491.0,541.0,629.0,603.0,457.0,597.0,524.0,529.0,599.0,549.0,471.0,503.0,633.0,631.0,547.0,479.0,556.0,557.0,595.0,699.0
CHE,418.0,346.0,390.0,389.0,410.0,375.0,380.0,380.0,411.0,340.0,396.0,599.0,0.0,408.0,360.0,338.0,474.0,444.0,352.0,376.0,334.0,402.0,431.0,318.0,452.0,362.0,392.0,608.0,394.0,386.0,348.0,436.0,414.0,315.0,438.0,641.0,368.0,548.0,386.0,358.0,398.0,426.0,480.0,373.0,460.0,342.0,422.0,408.0,535.0,576.0,399.0,372.0,368.0,366.0,370.0,506.0,436.0,390.0,468.0,508.0,410.0,464.0,364.0,455.0,398.0,510.0,392.0,354.0,333.0,443.0,498.0,364.0,368.0,377.0,382.0,421.0,534.0
CHL,480.0,374.0,428.0,393.0,368.0,379.0,424.0,398.0,417.0,418.0,418.0,499.0,408.0,0.0,410.0,436.0,384.0,376.0,354.0,432.0,420.0,442.0,422.0,422.0,368.0,412.0,438.0,520.0,332.0,440.0,452.0,382.0,558.0,377.0,398.0,581.0,432.0,550.0,458.0,360.0,422.0,434.0,488.0,359.0,440.0,358.0,444.0,414.0,503.0,556.0,502.0,312.0,388.0,390.0,466.0,406.0,476.0,396.0,452.0,512.0,390.0,418.0,414.0,359.0,382.0,542.0,370.0,410.0,384.0,454.0,532.0,408.0,410.0,383.0,438.0,462.0,532.0
COL,412.0,328.0,404.0,243.0,428.0,347.0,286.0,352.0,331.0,336.0,352.0,561.0,360.0,410.0,0.0,390.0,340.0,448.0,328.0,342.0,308.0,404.0,425.0,344.0,426.0,310.0,344.0,516.0,332.0,332.0,266.0,388.0,422.0,281.0,340.0,591.0,368.0,571.0,358.0,284.0,390.0,334.0,366.0,429.0,406.0,352.0,376.0,370.0,523.0,560.0,401.0,390.0,374.0,390.0,336.0,348.0,482.0,376.0,348.0,488.0,430.0,361.0,380.0,333.0,392.0,440.0,300.0,358.0,275.0,564.0,498.0,376.0,308.0,357.0,372.0,365.0,480.0
CRI,426.0,324.0,428.0,433.0,398.0,361.0,414.0,378.0,367.0,366.0,394.0,563.0,338.0,436.0,390.0,0.0,402.0,388.0,380.0,480.0,326.0,348.0,480.0,354.0,446.0,408.0,446.0,480.0,444.0,320.0,430.0,424.0,476.0,353.0,450.0,609.0,352.0,518.0,410.0,392.0,382.0,392.0,440.0,421.0,490.0,354.0,400.0,410.0,539.0,522.0,438.0,380.0,398.0,370.0,388.0,470.0,370.0,370.0,450.0,480.0,414.0,388.0,438.0,415.0,404.0,504.0,402.0,398.0,408.0,424.0,478.0,364.0,360.0,439.0,390.0,422.0,568.0
CZE,446.0,356.0,444.0,331.0,396.0,373.0,390.0,320.0,357.0,338.0,312.0,533.0,474.0,384.0,340.0,402.0,0.0,332.0,320.0,464.0,358.0,370.0,383.0,432.0,358.0,386.0,372.0,516.0,294.0,392.0,356.0,332.0,470.0,383.0,370.0,497.0,362.0,563.0,462.0,346.0,422.0,380.0,358.0,451.0,488.0,424.0,348.0,376.0,515.0,502.0,455.0,370.0,344.0,438.0,414.0,350.0,436.0,438.0,384.0,402.0,434.0,309.0,384.0,293.0,422.0,468.0,290.0,394.0,345.0,404.0,474.0,386.0,292.0,409.0,408.0,331.0,538.0
DEU,548.0,412.0,446.0,421.0,402.0,417.0,472.0,374.0,393.0,372.0,370.0,559.0,444.0,376.0,448.0,388.0,332.0,0.0,334.0,508.0,384.0,432.0,459.0,422.0,458.0,444.0,406.0,600.0,368.0,432.0,492.0,406.0,446.0,423.0,466.0,599.0,400.0,614.0,458.0,350.0,438.0,414.0,532.0,419.0,446.0,468.0,394.0,436.0,589.0,492.0,466.0,380.0,352.0,418.0,486.0,444.0,398.0,418.0,388.0,500.0,390.0,352.0,436.0,399.0,430.0,510.0,374.0,368.0,387.0,443.0,526.0,388.0,396.0,499.0,430.0,509.0,584.0
DNK,418.0,354.0,356.0,317.0,344.0,439.0,298.0,350.0,381.0,284.0,358.0,475.0,352.0,354.0,328.0,380.0,320.0,334.0,0.0,478.0,362.0,312.0,411.0,328.0,350.0,372.0,408.0,522.0,336.0,368.0,376.0,346.0,424.0,371.0,372.0,497.0,338.0,528.0,364.0,292.0,426.0,352.0,488.0,393.0,452.0,330.0,382.0,346.0,507.0,442.0,446.0,296.0,322.0,396.0,424.0,398.0,456.0,310.0,280.0,462.0,436.0,316.0,410.0,327.0,350.0,432.0,394.0,336.0,333.0,405.0,560.0,398.0,372.0,353.0,356.0,381.0,540.0
DOM,492.0,418.0,432.0,411.0,456.0,387.0,410.0,452.0,455.0,480.0,378.0,557.0,376.0,432.0,342.0,480.0,464.0,508.0,478.0,0.0,330.0,398.0,474.0,414.0,462.0,366.0,440.0,590.0,368.0,402.0,372.0,506.0,532.0,395.0,408.0,661.0,360.0,662.0,478.0,410.0,446.0,442.0,506.0,429.0,448.0,428.0,464.0,416.0,527.0,562.0,576.0,502.0,438.0,470.0,418.0,384.0,620.0,414.0,470.0,502.0,472.0,446.0,478.0,449.0,430.0,580.0,360.0,422.0,458.0,554.0,480.0,384.0,428.0,373.0,400.0,440.0,560.0
ESP,444.0,344.0,380.0,361.0,404.0,337.0,350.0,370.0,395.0,370.0,362.0,605.0,334.0,420.0,308.0,326.0,358.0,384.0,362.0,330.0,0.0,316.0,409.0,314.0,370.0,348.0,422.0,554.0,388.0,346.0,322.0,402.0,454.0,317.0,358.0,589.0,346.0,606.0,408.0,384.0,398.0,404.0,450.0,449.0,468.0,360.0,380.0,386.0,557.0,502.0,491.0,402.0,424.0,426.0,396.0,378.0,448.0,330.0,418.0,388.0,498.0,382.0,434.0,395.0,422.0,544.0,344.0,330.0,383.0,427.0,468.0,330.0,372.0,393.0,338.0,307.0,526.0
EST,444.0,380.0,404.0,407.0,370.0,411.0,396.0,366.0,359.0,376.0,388.0,471.0,402.0,442.0,404.0,348.0,370.0,432.0,312.0,398.0,316.0,0.0,411.0,398.0,446.0,326.0,450.0,444.0,434.0,392.0,472.0,360.0,422.0,405.0,410.0,493.0,324.0,586.0,422.0,370.0,376.0,410.0,486.0,427.0,566.0,352.0,356.0,376.0,453.0,426.0,542.0,340.0,410.0,408.0,458.0,396.0,490.0,336.0,390.0,436.0,420.0,334.0,486.0,405.0,416.0,548.0,382.0,382.0,423.0,443.0,528.0,366.0,386.0,437.0,358.0,427.0,550.0
FIN,487.0,388.0,506.0,389.0,417.0,389.0,462.0,391.0,435.0,416.0,404.0,563.0,431.0,422.0,425.0,480.0,383.0,459.0,411.0,474.0,409.0,411.0,0.0,519.0,427.0,419.0,463.0,502.0,401.0,524.0,401.0,469.0,468.0,403.0,442.0,510.0,472.0,527.0,474.0,465.0,440.0,532.0,467.0,557.0,486.0,396.0,407.0,420.0,550.0,519.0,556.0,456.0,493.0,444.0,490.0,450.0,609.0,506.0,515.0,474.0,511.0,419.0,451.0,429.0,439.0,570.0,403.0,403.0,408.0,547.0,450.0,328.0,461.0,441.0,472.0,438.0,512.0
FRA,398.0,354.0,416.0,435.0,408.0,377.0,356.0,400.0,447.0,350.0,394.0,569.0,318.0,422.0,344.0,354.0,432.0,422.0,328.0,414.0,314.0,398.0,519.0,0.0,424.0,412.0,458.0,576.0,456.0,344.0,342.0,436.0,490.0,327.0,362.0,647.0,376.0,588.0,366.0,372.0,400.0,370.0,428.0,421.0,460.0,410.0,430.0,426.0,541.0,580.0,443.0,388.0,402.0,410.0,436.0,502.0,400.0,332.0,378.0,484.0,520.0,480.0,448.0,399.0,416.0,546.0,372.0,364.0,363.0,455.0,494.0,344.0,400.0,415.0,310.0,381.0,482.0
GBR,410.0,374.0,442.0,389.0,436.0,445.0,328.0,352.0,451.0,424.0,358.0,533.0,452.0,368.0,426.0,446.0,358.0,458.0,350.0,462.0,370.0,446.0,427.0,424.0,0.0,400.0,438.0,472.0,394.0,490.0,334.0,404.0,544.0,429.0,362.0,463.0,420.0,519.0,448.0,374.0,514.0,380.0,516.0,435.0,492.0,424.0,374.0,362.0,467.0,534.0,501.0,406.0,420.0,466.0,440.0,410.0,468.0,382.0,350.0,476.0,488.0,385.0,362.0,383.0,314.0,558.0,434.0,454.0,451.0,372.0,568.0,442.0,426.0,325.0,442.0,357.0,536.0
GEO,390.0,338.0,430.0,351.0,416.0,425.0,314.0,250.0,311.0,356.0,340.0,499.0,362.0,412.0,310.0,408.0,386.0,444.0,372.0,366.0,348.0,326.0,419.0,412.0,400.0,0.0,332.0,472.0,386.0,400.0,380.0,406.0,374.0,337.0,322.0,589.0,364.0,571.0,358.0,370.0,406.0,454.0,484.0,363.0,478.0,348.0,382.0,376.0,497.0,554.0,467.0,354.0,374.0,392.0,384.0,348.0,508.0,360.0,364.0,466.0,446.0,281.0,384.0,361.0,326.0,534.0,316.0,350.0,339.0,532.0,536.0,424.0,294.0,323.0,382.0,413.0,588.0
GRC,442.0,416.0,336.0,397.0,436.0,441.0,340.0,254.0,419.0,392.0,344.0,535.0,392.0,438.0,344.0,446.0,372.0,406.0,408.0,440.0,422.0,450.0,463.0,458.0,438.0,332.0,0.0,538.0,348.0,432.0,434.0,320.0,404.0,323.0,372.0,581.0,366.0,567.0,354.0,352.0,484.0,374.0,432.0,401.0,454.0,414.0,348.0,314.0,567.0,658.0,445.0,400.0,310.0,468.0,372.0,340.0,458.0,436.0,378.0,578.0,348.0,351.0,332.0,377.0,340.0,494.0,352.0,356.0,321.0,542.0,452.0,456.0,300.0,305.0,372.0,521.0,556.0
HKG,430.0,482.0,600.0,501.0,526.0,475.0,494.0,504.0,471.0,526.0,580.0,567.0,608.0,520.0,516.0,480.0,516.0,600.0,522.0,590.0,554.0,444.0,502.0,576.0,472.0,472.0,538.0,0.0,558.0,516.0,506.0,542.0,558.0,523.0,476.0,547.0,492.0,548.0,482.0,498.0,580.0,496.0,528.0,533.0,606.0,510.0,504.0,454.0,489.0,568.0,613.0,530.0,504.0,464.0,498.0,480.0,580.0,458.0,508.0,514.0,534.0,442.0,578.0,459.0,436.0,630.0,510.0,572.0,566.0,538.0,618.0,520.0,540.0,487.0,548.0,484.0,656.0
HRV,434.0,330.0,388.0,341.0,416.0,399.0,336.0,358.0,359.0,342.0,288.0,539.0,394.0,332.0,332.0,444.0,294.0,368.0,336.0,368.0,388.0,434.0,401.0,456.0,394.0,386.0,348.0,558.0,0.0,398.0,388.0,426.0,400.0,325.0,346.0,519.0,320.0,541.0,496.0,346.0,418.0,374.0,452.0,391.0,466.0,450.0,346.0,354.0,531.0,502.0,435.0,420.0,332.0,422.0,396.0,324.0,548.0,388.0,362.0,450.0,360.0,335.0,404.0,329.0,398.0,478.0,360.0,374.0,313.0,462.0,532.0,402.0,340.0,399.0,398.0,417.0,558.0
HUN,404.0,388.0,374.0,407.0,362.0,311.0,408.0,432.0,337.0,348.0,338.0,617.0,386.0,440.0,332.0,320.0,392.0,432.0,368.0,402.0,346.0,392.0,524.0,344.0,490.0,400.0,432.0,516.0,398.0,0.0,376.0,420.0,488.0,371.0,388.0,617.0,306.0,604.0,418.0,326.0,366.0,376.0,462.0,437.0,424.0,396.0,400.0,412.0,499.0,484.0,460.0,390.0,358.0,378.0,390.0,400.0,396.0,380.0,342.0,472.0,392.0,394.0,374.0,317.0,430.0,494.0,310.0,406.0,352.0,528.0,424.0,386.0,332.0,363.0,322.0,408.0,520.0
IDN,354.0,324.0,476.0,299.0,416.0,387.0,376.0,424.0,377.0,392.0,362.0,609.0,348.0,452.0,266.0,430.0,356.0,492.0,376.0,372.0,322.0,472.0,401.0,342.0,334.0,380.0,434.0,506.0,388.0,376.0,0.0,446.0,512.0,371.0,400.0,557.0,368.0,599.0,400.0,344.0,500.0,358.0,392.0,467.0,442.0,370.0,436.0,386.0,465.0,566.0,431.0,428.0,434.0,440.0,354.0,380.0,522.0,368.0,448.0,442.0,544.0,401.0,402.0,347.0,416.0,434.0,314.0,434.0,389.0,476.0,504.0,398.0,368.0,347.0,426.0,317.0,468.0
IRL,454.0,426.0,360.0,409.0,346.0,445.0,438.0,370.0,387.0,414.0,414.0,587.0,436.0,382.0,388.0,424.0,332.0,406.0,346.0,506.0,402.0,360.0,469.0,436.0,404.0,406.0,320.0,542.0,426.0,420.0,446.0,0.0,480.0,369.0,464.0,493.0,416.0,470.0,440.0,326.0,438.0,408.0,440.0,493.0,534.0,370.0,346.0,420.0,555.0,492.0,456.0,320.0,436.0,474.0,442.0,376.0,418.0,464.0,374.0,476.0,398.0,364.0,308.0,391.0,360.0,442.0,398.0,428.0,401.0,483.0,466.0,444.0,320.0,423.0,432.0,455.0,498.0
ISL,440.0,412.0,470.0,439.0,452.0,519.0,442.0,398.0,353.0,410.0,412.0,585.0,414.0,558.0,422.0,476.0,470.0,446.0,424.0,532.0,454.0,422.0,468.0,490.0,544.0,374.0,404.0,558.0,400.0,488.0,512.0,480.0,0.0,361.0,406.0,555.0,422.0,590.0,424.0,394.0,416.0,502.0,560.0,517.0,502.0,456.0,366.0,442.0,507.0,562.0,406.0,476.0,428.0,450.0,462.0,454.0,530.0,444.0,452.0,558.0,398.0,408.0,436.0,449.0,434.0,562.0,460.0,406.0,410.0,574.0,542.0,464.0,382.0,495.0,500.0,498.0,654.0
ITA,379.0,315.0,387.0,322.0,389.0,376.0,333.0,357.0,364.0,327.0,383.0,534.0,315.0,377.0,281.0,353.0,383.0,423.0,371.0,395.0,317.0,405.0,403.0,327.0,429.0,337.0,323.0,523.0,325.0,371.0,371.0,369.0,361.0,0.0,355.0,650.0,407.0,523.0,357.0,337.0,397.0,425.0,409.0,416.0,459.0,327.0,293.0,389.0,558.0,581.0,378.0,381.0,429.0,371.0,359.0,419.0,495.0,379.0,409.0,527.0,447.0,381.0,359.0,344.0,351.0,477.0,335.0,275.0,267.0,479.0,533.0,321.0,341.0,396.0,343.0,433.0,463.0
JOR,366.0,300.0,386.0,409.0,380.0,387.0,264.0,336.0,375.0,336.0,332.0,523.0,438.0,398.0,340.0,450.0,370.0,466.0,372.0,408.0,358.0,410.0,442.0,362.0,362.0,322.0,372.0,476.0,346.0,388.0,400.0,464.0,406.0,355.0,0.0,587.0,352.0,554.0,326.0,408.0,430.0,384.0,490.0,339.0,402.0,394.0,350.0,338.0,497.0,648.0,468.0,414.0,302.0,404.0,376.0,376.0,486.0,290.0,348.0,472.0,464.0,372.0,390.0,289.0,308.0,548.0,328.0,378.0,340.0,490.0,458.0,458.0,332.0,335.0,338.0,350.0,522.0
JPN,601.0,565.0,641.0,516.0,631.0,586.0,571.0,513.0,480.0,579.0,593.0,630.0,641.0,581.0,591.0,609.0,497.0,599.0,497.0,661.0,589.0,493.0,510.0,647.0,463.0,589.0,581.0,547.0,519.0,617.0,557.0,493.0,555.0,650.0,587.0,0.0,559.0,520.0,621.0,541.0,597.0,551.0,563.0,606.0,677.0,577.0,545.0,559.0,486.0,489.0,600.0,595.0,581.0,607.0,581.0,559.0,517.0,587.0,535.0,567.0,555.0,490.0,525.0,608.0,619.0,595.0,629.0,655.0,640.0,507.0,625.0,627.0,533.0,556.0,671.0,532.0,629.0
KAZ,334.0,318.0,406.0,403.0,384.0,393.0,394.0,360.0,331.0,306.0,330.0,543.0,368.0,432.0,368.0,352.0,362.0,400.0,338.0,360.0,346.0,324.0,472.0,376.0,420.0,364.0,366.0,492.0,320.0,306.0,368.0,416.0,422.0,407.0,352.0,559.0,0.0,620.0,340.0,296.0,440.0,330.0,468.0,391.0,440.0,388.0,388.0,272.0,475.0,512.0,480.0,414.0,362.0,374.0,360.0,366.0,436.0,306.0,314.0,472.0,408.0,370.0,400.0,301.0,370.0,546.0,326.0,402.0,392.0,468.0,470.0,374.0,340.0,363.0,384.0,410.0,554.0
KOR,541.0,544.0,508.0,571.0,540.0,555.0,612.0,565.0,517.0,574.0,564.0,679.0,548.0,550.0,571.0,518.0,563.0,614.0,528.0,662.0,606.0,586.0,527.0,588.0,519.0,571.0,567.0,548.0,541.0,604.0,599.0,470.0,590.0,523.0,554.0,520.0,620.0,0.0,630.0,572.0,592.0,626.0,464.0,651.0,630.0,528.0,491.0,586.0,704.0,492.0,530.0,546.0,601.0,598.0,538.0,584.0,516.0,604.0,579.0,434.0,553.0,583.0,511.0,563.0,493.0,378.0,567.0,622.0,591.0,538.0,556.0,596.0,549.0,535.0,606.0,515.0,626.0
KSV,330.0,354.0,392.0,405.0,372.0,405.0,350.0,310.0,405.0,322.0,452.0,471.0,386.0,458.0,358.0,410.0,462.0,458.0,364.0,478.0,408.0,422.0,474.0,366.0,448.0,358.0,354.0,482.0,496.0,418.0,400.0,440.0,424.0,357.0,326.0,621.0,340.0,630.0,0.0,378.0,454.0,412.0,482.0,429.0,432.0,364.0,422.0,316.0,513.0,618.0,449.0,332.0,418.0,422.0,392.0,472.0,420.0,292.0,360.0,578.0,500.0,392.0,388.0,399.0,344.0,526.0,364.0,338.0,384.0,534.0,476.0,424.0,396.0,371.0,382.0,454.0,486.0
LTU,398.0,374.0,368.0,365.0,328.0,419.0,366.0,326.0,341.0,392.0,314.0,547.0,358.0,360.0,284.0,392.0,346.0,350.0,292.0,410.0,384.0,370.0,465.0,372.0,374.0,370.0,352.0,498.0,346.0,326.0,344.0,326.0,394.0,337.0,408.0,541.0,296.0,572.0,378.0,0.0,452.0,382.0,436.0,399.0,424.0,328.0,322.0,336.0,443.0,528.0,416.0,386.0,300.0,384.0,346.0,392.0,394.0,328.0,316.0,556.0,300.0,344.0,382.0,333.0,326.0,450.0,340.0,396.0,301.0,447.0,564.0,382.0,336.0,315.0,444.0,407.0,556.0
LUX,516.0,382.0,494.0,463.0,434.0,385.0,472.0,382.0,383.0,382.0,408.0,575.0,398.0,422.0,390.0,382.0,422.0,438.0,426.0,446.0,398.0,376.0,440.0,400.0,514.0,406.0,484.0,580.0,418.0,366.0,500.0,438.0,416.0,397.0,430.0,597.0,440.0,592.0,454.0,452.0,0.0,432.0,534.0,509.0,448.0,390.0,394.0,472.0,553.0,540.0,523.0,376.0,408.0,340.0,512.0,410.0,460.0,440.0,490.0,568.0,448.0,388.0,476.0,463.0,488.0,588.0,418.0,362.0,410.0,546.0,474.0,370.0,336.0,489.0,408.0,428.0,624.0
LVA,374.0,366.0,406.0,337.0,370.0,403.0,372.0,410.0,423.0,372.0,390.0,549.0,426.0,434.0,334.0,392.0,380.0,414.0,352.0,442.0,404.0,410.0,532.0,370.0,380.0,454.0,374.0,496.0,374.0,376.0,358.0,408.0,502.0,425.0,384.0,551.0,330.0,626.0,412.0,382.0,432.0,0.0,484.0,437.0,472.0,438.0,400.0,392.0,523.0,504.0,477.0,380.0,388.0,406.0,384.0,406.0,414.0,356.0,396.0,506.0,438.0,384.0,414.0,363.0,394.0,520.0,406.0,444.0,434.0,448.0,452.0,414.0,382.0,407.0,402.0,394.0,448.0
MAC,476.0,396.0,508.0,383.0,504.0,427.0,438.0,468.0,437.0,478.0,466.0,589.0,480.0,488.0,366.0,440.0,358.0,532.0,488.0,506.0,450.0,486.0,467.0,428.0,516.0,484.0,432.0,528.0,452.0,462.0,392.0,440.0,560.0,409.0,490.0,563.0,468.0,464.0,482.0,436.0,534.0,484.0,0.0,531.0,508.0,422.0,492.0,472.0,535.0,564.0,467.0,490.0,476.0,474.0,386.0,494.0,430.0,494.0,504.0,404.0,500.0,512.0,454.0,477.0,520.0,430.0,438.0,524.0,429.0,489.0,554.0,488.0,398.0,493.0,532.0,485.0,546.0
MAR,449.0,379.0,433.0,430.0,427.0,396.0,347.0,369.0,430.0,425.0,445.0,524.0,373.0,359.0,429.0,421.0,451.0,419.0,393.0,429.0,449.0,427.0,557.0,421.0,435.0,363.0,401.0,533.0,391.0,437.0,467.0,493.0,517.0,416.0,339.0,606.0,391.0,651.0,429.0,399.0,509.0,437.0,531.0,0.0,441.0,491.0,461.0,375.0,436.0,649.0,472.0,405.0,299.0,393.0,379.0,471.0,515.0,393.0,405.0,583.0,409.0,419.0,415.0,394.0,403.0,583.0,405.0,441.0,381.0,471.0,563.0,555.0,417.0,428.0,415.0,491.0,559.0
MDA,468.0,426.0,446.0,485.0,444.0,449.0,456.0,438.0,473.0,464.0,434.0,563.0,460.0,440.0,406.0,490.0,488.0,446.0,452.0,448.0,468.0,566.0,486.0,460.0,492.0,478.0,454.0,606.0,466.0,424.0,442.0,534.0,502.0,459.0,402.0,677.0,440.0,630.0,432.0,424.0,448.0,472.0,508.0,441.0,0.0,488.0,478.0,382.0,511.0,626.0,464.0,532.0,366.0,420.0,450.0,500.0,498.0,432.0,440.0,636.0,428.0,502.0,420.0,381.0,440.0,558.0,386.0,452.0,388.0,576.0,452.0,476.0,462.0,453.0,510.0,462.0,582.0
MEX,458.0,298.0,422.0,347.0,396.0,367.0,412.0,404.0,339.0,388.0,396.0,557.0,342.0,358.0,352.0,354.0,424.0,468.0,330.0,428.0,360.0,352.0,396.0,410.0,424.0,348.0,414.0,510.0,450.0,396.0,370.0,370.0,456.0,327.0,394.0,577.0,388.0,528.0,364.0,328.0,390.0,438.0,422.0,491.0,488.0,0.0,396.0,418.0,481.0,578.0,485.0,362.0,426.0,352.0,390.0,412.0,500.0,354.0,428.0,492.0,458.0,406.0,390.0,393.0,380.0,438.0,370.0,384.0,434.0,476.0,522.0,390.0,386.0,355.0,410.0,434.0,526.0
MLT,370.0,376.0,372.0,417.0,350.0,425.0,400.0,284.0,333.0,376.0,320.0,531.0,422.0,444.0,376.0,400.0,348.0,394.0,382.0,464.0,380.0,356.0,407.0,430.0,374.0,382.0,348.0,504.0,346.0,400.0,436.0,346.0,366.0,293.0,350.0,545.0,388.0,491.0,422.0,322.0,394.0,400.0,492.0,461.0,478.0,396.0,0.0,346.0,525.0,548.0,422.0,400.0,350.0,398.0,390.0,364.0,448.0,426.0,390.0,504.0,384.0,361.0,398.0,385.0,310.0,516.0,378.0,320.0,323.0,470.0,466.0,384.0,314.0,371.0,360.0,397.0,586.0
MNE,336.0,354.0,350.0,429.0,444.0,415.0,368.0,274.0,335.0,390.0,370.0,535.0,408.0,414.0,370.0,410.0,376.0,436.0,346.0,416.0,386.0,376.0,420.0,426.0,362.0,376.0,314.0,454.0,354.0,412.0,386.0,420.0,442.0,389.0,338.0,559.0,272.0,586.0,316.0,336.0,472.0,392.0,472.0,375.0,382.0,418.0,346.0,0.0,493.0,580.0,439.0,416.0,282.0,392.0,324.0,362.0,488.0,352.0,350.0,566.0,386.0,343.0,356.0,327.0,360.0,534.0,316.0,420.0,342.0,441.0,442.0,402.0,370.0,275.0,408.0,414.0,612.0
MYS,513.0,527.0,617.0,506.0,549.0,486.0,485.0,493.0,484.0,497.0,481.0,584.0,535.0,503.0,523.0,539.0,515.0,589.0,507.0,527.0,557.0,453.0,550.0,541.0,467.0,497.0,567.0,489.0,531.0,499.0,465.0,555.0,507.0,558.0,497.0,486.0,475.0,704.0,513.0,443.0,553.0,523.0,535.0,436.0,511.0,481.0,525.0,493.0,0.0,597.0,621.0,545.0,475.0,491.0,465.0,591.0,585.0,493.0,443.0,653.0,443.0,510.0,495.0,502.0,485.0,585.0,567.0,545.0,530.0,559.0,667.0,517.0,469.0,430.0,543.0,460.0,635.0
NLD,548.0,580.0,544.0,539.0,468.0,553.0,632.0,620.0,539.0,498.0,566.0,629.0,576.0,556.0,560.0,522.0,502.0,492.0,442.0,562.0,502.0,426.0,519.0,580.0,534.0,554.0,658.0,568.0,502.0,484.0,566.0,492.0,562.0,581.0,648.0,489.0,512.0,492.0,618.0,528.0,540.0,504.0,564.0,649.0,626.0,578.0,548.0,580.0,597.0,0.0,637.0,502.0,628.0,554.0,658.0,586.0,554.0,520.0,526.0,418.0,562.0,480.0,580.0,539.0,552.0,522.0,512.0,560.0,591.0,449.0,580.0,490.0,560.0,555.0,564.0,523.0,642.0
NOR,452.0,434.0,447.0,441.0,489.0,493.0,459.0,477.0,427.0,479.0,458.0,603.0,399.0,502.0,401.0,438.0,455.0,466.0,446.0,576.0,491.0,542.0,556.0,443.0,501.0,467.0,445.0,613.0,435.0,460.0,431.0,456.0,406.0,378.0,468.0,600.0,480.0,530.0,449.0,416.0,523.0,477.0,467.0,472.0,464.0,485.0,422.0,439.0,621.0,637.0,0.0,406.0,449.0,477.0,455.0,527.0,463.0,497.0,507.0,567.0,457.0,517.0,390.0,464.0,508.0,423.0,452.0,519.0,392.0,474.0,528.0,535.0,443.0,513.0,520.0,498.0,580.0
NZL,432.0,356.0,386.0,383.0,358.0,397.0,416.0,350.0,373.0,334.0,440.0,485.0,372.0,312.0,390.0,380.0,370.0,380.0,296.0,502.0,402.0,340.0,456.0,388.0,406.0,354.0,400.0,530.0,420.0,390.0,428.0,320.0,476.0,381.0,414.0,595.0,414.0,546.0,332.0,386.0,376.0,380.0,490.0,405.0,532.0,362.0,400.0,416.0,545.0,502.0,406.0,0.0,400.0,468.0,470.0,442.0,436.0,406.0,418.0,466.0,426.0,374.0,336.0,391.0,422.0,448.0,382.0,404.0,422.0,468.0,518.0,406.0,342.0,425.0,378.0,460.0,520.0
PAN,406.0,370.0,376.0,451.0,456.0,409.0,354.0,294.0,363.0,354.0,336.0,529.0,368.0,388.0,374.0,398.0,344.0,352.0,322.0,438.0,424.0,410.0,493.0,402.0,420.0,374.0,310.0,504.0,332.0,358.0,434.0,436.0,428.0,429.0,302.0,581.0,362.0,601.0,418.0,300.0,408.0,388.0,476.0,299.0,366.0,426.0,350.0,282.0,475.0,628.0,449.0,400.0,0.0,386.0,352.0,370.0,446.0,382.0,340.0,552.0,310.0,323.0,372.0,333.0,352.0,492.0,348.0,424.0,277.0,444.0,496.0,452.0,300.0,327.0,340.0,421.0,654.0
PER,480.0,372.0,462.0,401.0,442.0,319.0,412.0,414.0,393.0,386.0,440.0,591.0,366.0,390.0,390.0,370.0,438.0,418.0,396.0,470.0,426.0,408.0,444.0,410.0,466.0,392.0,468.0,464.0,422.0,378.0,440.0,474.0,450.0,371.0,404.0,607.0,374.0,598.0,422.0,384.0,340.0,406.0,474.0,393.0,420.0,352.0,398.0,392.0,491.0,554.0,477.0,468.0,386.0,0.0,426.0,448.0,454.0,406.0,414.0,562.0,454.0,418.0,406.0,417.0,444.0,586.0,406.0,372.0,374.0,488.0,504.0,360.0,420.0,429.0,488.0,470.0,568.0
PHL,340.0,342.0,392.0,343.0,458.0,349.0,348.0,324.0,297.0,426.0,378.0,629.0,370.0,466.0,336.0,388.0,414.0,486.0,424.0,418.0,396.0,458.0,490.0,436.0,440.0,384.0,372.0,498.0,396.0,390.0,354.0,442.0,462.0,359.0,376.0,581.0,360.0,538.0,392.0,346.0,512.0,384.0,386.0,379.0,450.0,390.0,390.0,324.0,465.0,658.0,455.0,470.0,352.0,426.0,0.0,416.0,446.0,404.0,384.0,526.0,362.0,416.0,342.0,399.0,390.0,470.0,384.0,448.0,388.0,488.0,548.0,454.0,396.0,349.0,402.0,400.0,546.0
POL,452.0,388.0,408.0,353.0,430.0,439.0,360.0,356.0,389.0,422.0,328.0,563.0,506.0,406.0,348.0,470.0,350.0,444.0,398.0,384.0,378.0,396.0,450.0,502.0,410.0,348.0,340.0,480.0,324.0,400.0,380.0,376.0,454.0,419.0,376.0,559.0,366.0,584.0,472.0,392.0,410.0,406.0,494.0,471.0,500.0,412.0,364.0,362.0,591.0,586.0,527.0,442.0,370.0,448.0,416.0,0.0,532.0,402.0,418.0,484.0,470.0,275.0,460.0,323.0,392.0,548.0,368.0,364.0,398.0,551.0,532.0,458.0,344.0,377.0,392.0,454.0,594.0
PRT,492.0,458.0,446.0,489.0,452.0,455.0,456.0,404.0,433.0,432.0,506.0,675.0,436.0,476.0,482.0,370.0,436.0,398.0,456.0,620.0,448.0,490.0,609.0,400.0,468.0,508.0,458.0,580.0,548.0,396.0,522.0,418.0,530.0,495.0,486.0,517.0,436.0,516.0,420.0,394.0,460.0,414.0,430.0,515.0,498.0,500.0,448.0,488.0,585.0,554.0,463.0,436.0,446.0,454.0,446.0,532.0,0.0,462.0,446.0,536.0,446.0,488.0,406.0,465.0,480.0,566.0,494.0,486.0,475.0,449.0,524.0,494.0,400.0,503.0,488.0,481.0,560.0
QAT,346.0,246.0,404.0,421.0,376.0,433.0,310.0,364.0,393.0,346.0,388.0,491.0,390.0,396.0,376.0,370.0,438.0,418.0,310.0,414.0,330.0,336.0,506.0,332.0,382.0,360.0,436.0,458.0,388.0,380.0,368.0,464.0,444.0,379.0,290.0,587.0,306.0,604.0,292.0,328.0,440.0,356.0,494.0,393.0,432.0,354.0,426.0,352.0,493.0,520.0,497.0,406.0,382.0,406.0,404.0,402.0,462.0,0.0,338.0,486.0,494.0,338.0,504.0,363.0,308.0,536.0,360.0,376.0,400.0,426.0,528.0,412.0,406.0,381.0,434.0,386.0,522.0
QAZ,406.0,432.0,398.0,423.0,410.0,423.0,298.0,332.0,347.0,370.0,368.0,541.0,468.0,452.0,348.0,450.0,384.0,388.0,280.0,470.0,418.0,390.0,515.0,378.0,350.0,364.0,378.0,508.0,362.0,342.0,448.0,374.0,452.0,409.0,348.0,535.0,314.0,579.0,360.0,316.0,490.0,396.0,504.0,405.0,440.0,428.0,390.0,350.0,443.0,526.0,507.0,418.0,340.0,414.0,384.0,418.0,446.0,338.0,0.0,518.0,394.0,303.0,332.0,323.0,332.0,522.0,382.0,382.0,351.0,544.0,580.0,442.0,342.0,367.0,358.0,443.0,528.0
QCI,520.0,430.0,524.0,449.0,480.0,423.0,474.0,546.0,471.0,450.0,444.0,629.0,508.0,512.0,488.0,480.0,402.0,500.0,462.0,502.0,388.0,436.0,474.0,484.0,476.0,466.0,578.0,514.0,450.0,472.0,442.0,476.0,558.0,527.0,472.0,567.0,472.0,434.0,578.0,556.0,568.0,506.0,404.0,583.0,636.0,492.0,504.0,566.0,653.0,418.0,567.0,466.0,552.0,562.0,526.0,484.0,536.0,486.0,518.0,0.0,628.0,482.0,502.0,505.0,516.0,470.0,500.0,558.0,544.0,494.0,482.0,486.0,490.0,533.0,500.0,442.0,596.0
QMR,470.0,470.0,396.0,471.0,376.0,449.0,466.0,358.0,383.0,470.0,372.0,603.0,410.0,390.0,430.0,414.0,434.0,390.0,436.0,472.0,498.0,420.0,511.0,520.0,488.0,446.0,348.0,534.0,360.0,392.0,544.0,398.0,398.0,447.0,464.0,555.0,408.0,553.0,500.0,300.0,448.0,438.0,500.0,409.0,428.0,458.0,384.0,386.0,443.0,562.0,457.0,426.0,310.0,454.0,362.0,470.0,446.0,494.0,394.0,628.0,0.0,439.0,366.0,417.0,398.0,500.0,446.0,514.0,373.0,486.0,518.0,464.0,404.0,417.0,458.0,517.0,618.0
QRT,407.0,352.0,449.0,365.0,408.0,457.0,337.0,271.0,323.0,350.0,360.0,457.0,464.0,418.0,361.0,388.0,309.0,352.0,316.0,446.0,382.0,334.0,419.0,480.0,385.0,281.0,351.0,442.0,335.0,394.0,401.0,364.0,408.0,381.0,372.0,490.0,370.0,583.0,392.0,344.0,388.0,384.0,512.0,419.0,502.0,406.0,361.0,343.0,510.0,480.0,517.0,374.0,323.0,418.0,416.0,275.0,488.0,338.0,303.0,482.0,439.0,0.0,423.0,289.0,365.0,520.0,345.0,326.0,355.0,493.0,518.0,430.0,261.0,369.0,384.0,395.0,570.0
ROU,408.0,400.0,376.0,373.0,478.0,361.0,420.0,364.0,333.0,414.0,426.0,597.0,364.0,414.0,380.0,438.0,384.0,436.0,410.0,478.0,434.0,486.0,451.0,448.0,362.0,384.0,332.0,578.0,404.0,374.0,402.0,308.0,436.0,359.0,390.0,525.0,400.0,511.0,388.0,382.0,476.0,414.0,454.0,415.0,420.0,390.0,398.0,356.0,495.0,580.0,390.0,336.0,372.0,406.0,342.0,460.0,406.0,504.0,332.0,502.0,366.0,423.0,0.0,367.0,392.0,472.0,378.0,450.0,371.0,550.0,456.0,438.0,298.0,329.0,432.0,447.0,518.0
RUS,363.0,325.0,363.0,374.0,367.0,404.0,311.0,373.0,332.0,353.0,349.0,524.0,455.0,359.0,333.0,415.0,293.0,399.0,327.0,449.0,395.0,405.0,429.0,399.0,383.0,361.0,377.0,459.0,329.0,317.0,347.0,391.0,449.0,344.0,289.0,608.0,301.0,563.0,399.0,333.0,463.0,363.0,477.0,394.0,381.0,393.0,385.0,327.0,502.0,539.0,464.0,391.0,333.0,417.0,399.0,323.0,465.0,363.0,323.0,505.0,417.0,289.0,367.0,0.0,361.0,529.0,265.0,331.0,323.0,491.0,511.0,425.0,323.0,366.0,349.0,415.0,487.0
SAU,350.0,384.0,324.0,425.0,314.0,465.0,328.0,276.0,405.0,334.0,334.0,529.0,398.0,382.0,392.0,404.0,422.0,430.0,350.0,430.0,422.0,416.0,439.0,416.0,314.0,326.0,340.0,436.0,398.0,430.0,416.0,360.0,434.0,351.0,308.0,619.0,370.0,493.0,344.0,326.0,488.0,394.0,520.0,403.0,440.0,380.0,310.0,360.0,485.0,552.0,508.0,422.0,352.0,444.0,390.0,392.0,480.0,308.0,332.0,516.0,398.0,365.0,392.0,361.0,0.0,512.0,372.0,366.0,359.0,464.0,504.0,444.0,368.0,323.0,356.0,421.0,538.0
SGP,532.0,496.0,492.0,429.0,468.0,527.0,582.0,560.0,503.0,486.0,454.0,599.0,510.0,542.0,440.0,504.0,468.0,510.0,432.0,580.0,544.0,548.0,570.0,546.0,558.0,534.0,494.0,630.0,478.0,494.0,434.0,442.0,562.0,477.0,548.0,595.0,546.0,378.0,526.0,450.0,588.0,520.0,430.0,583.0,558.0,438.0,516.0,534.0,585.0,522.0,423.0,448.0,492.0,586.0,470.0,548.0,566.0,536.0,522.0,470.0,500.0,520.0,472.0,529.0,512.0,0.0,498.0,564.0,496.0,508.0,568.0,556.0,466.0,483.0,532.0,466.0,612.0
SRB,326.0,346.0,420.0,385.0,370.0,363.0,410.0,332.0,317.0,402.0,342.0,549.0,392.0,370.0,300.0,402.0,290.0,374.0,394.0,360.0,344.0,382.0,403.0,372.0,434.0,316.0,352.0,510.0,360.0,310.0,314.0,398.0,460.0,335.0,328.0,629.0,326.0,567.0,364.0,340.0,418.0,406.0,438.0,405.0,386.0,370.0,378.0,316.0,567.0,512.0,452.0,382.0,348.0,406.0,384.0,368.0,494.0,360.0,382.0,500.0,446.0,345.0,378.0,265.0,372.0,498.0,0.0,368.0,341.0,512.0,422.0,364.0,334.0,369.0,354.0,357.0,508.0
SVK,496.0,396.0,396.0,379.0,382.0,395.0,314.0,296.0,439.0,342.0,352.0,471.0,354.0,410.0,358.0,398.0,394.0,368.0,336.0,422.0,330.0,382.0,403.0,364.0,454.0,350.0,356.0,572.0,374.0,406.0,434.0,428.0,406.0,275.0,378.0,655.0,402.0,622.0,338.0,396.0,362.0,444.0,524.0,441.0,452.0,384.0,320.0,420.0,545.0,560.0,519.0,404.0,424.0,372.0,448.0,364.0,486.0,376.0,382.0,558.0,514.0,326.0,450.0,331.0,366.0,564.0,368.0,0.0,317.0,561.0,536.0,374.0,354.0,421.0,290.0,425.0,482.0
SVN,401.0,388.0,356.0,425.0,427.0,441.0,332.0,343.0,369.0,266.0,352.0,503.0,333.0,384.0,275.0,408.0,345.0,387.0,333.0,458.0,383.0,423.0,408.0,363.0,451.0,339.0,321.0,566.0,313.0,352.0,389.0,401.0,410.0,267.0,340.0,640.0,392.0,591.0,384.0,301.0,410.0,434.0,429.0,381.0,388.0,434.0,323.0,342.0,530.0,591.0,392.0,422.0,277.0,374.0,388.0,398.0,475.0,400.0,351.0,544.0,373.0,355.0,371.0,323.0,359.0,496.0,341.0,317.0,0.0,471.0,510.0,384.0,275.0,387.0,326.0,420.0,528.0
SWE,494.0,418.0,453.0,503.0,477.0,521.0,485.0,490.0,541.0,468.0,518.0,633.0,443.0,454.0,564.0,424.0,404.0,443.0,405.0,554.0,427.0,443.0,547.0,455.0,372.0,532.0,542.0,538.0,462.0,528.0,476.0,483.0,574.0,479.0,490.0,507.0,468.0,538.0,534.0,447.0,546.0,448.0,489.0,471.0,576.0,476.0,470.0,441.0,559.0,449.0,474.0,468.0,444.0,488.0,488.0,551.0,449.0,426.0,544.0,494.0,486.0,493.0,550.0,491.0,464.0,508.0,512.0,561.0,471.0,0.0,612.0,474.0,516.0,485.0,512.0,459.0,622.0
TAP,474.0,476.0,470.0,547.0,472.0,421.0,586.0,500.0,525.0,482.0,470.0,631.0,498.0,532.0,498.0,478.0,474.0,526.0,560.0,480.0,468.0,528.0,450.0,494.0,568.0,536.0,452.0,618.0,532.0,424.0,504.0,466.0,542.0,533.0,458.0,625.0,470.0,556.0,476.0,564.0,474.0,452.0,554.0,563.0,452.0,522.0,466.0,442.0,667.0,580.0,528.0,518.0,496.0,504.0,548.0,532.0,524.0,528.0,580.0,482.0,518.0,518.0,456.0,511.0,504.0,568.0,422.0,536.0,510.0,612.0,0.0,460.0,452.0,467.0,518.0,484.0,550.0
THA,476.0,350.0,450.0,441.0,428.0,359.0,464.0,428.0,431.0,380.0,360.0,547.0,364.0,408.0,376.0,364.0,386.0,388.0,398.0,384.0,330.0,366.0,328.0,344.0,442.0,424.0,456.0,520.0,402.0,386.0,398.0,444.0,464.0,321.0,458.0,627.0,374.0,596.0,424.0,382.0,370.0,414.0,488.0,555.0,476.0,390.0,384.0,402.0,517.0,490.0,535.0,406.0,452.0,360.0,454.0,458.0,494.0,412.0,442.0,486.0,464.0,430.0,438.0,425.0,444.0,556.0,364.0,374.0,384.0,474.0,460.0,0.0,430.0,387.0,420.0,408.0,566.0
TUR,380.0,350.0,412.0,391.0,420.0,425.0,366.0,282.0,305.0,296.0,336.0,479.0,368.0,410.0,308.0,360.0,292.0,396.0,372.0,428.0,372.0,386.0,461.0,400.0,426.0,294.0,300.0,540.0,340.0,332.0,368.0,320.0,382.0,341.0,332.0,533.0,340.0,549.0,396.0,336.0,336.0,382.0,398.0,417.0,462.0,386.0,314.0,370.0,469.0,560.0,443.0,342.0,300.0,420.0,396.0,344.0,400.0,406.0,342.0,490.0,404.0,261.0,298.0,323.0,368.0,466.0,334.0,354.0,275.0,516.0,452.0,430.0,0.0,339.0,386.0,387.0,592.0
UKR,413.0,417.0,361.0,352.0,423.0,398.0,397.0,337.0,398.0,397.0,331.0,556.0,377.0,383.0,357.0,439.0,409.0,499.0,353.0,373.0,393.0,437.0,441.0,415.0,325.0,323.0,305.0,487.0,399.0,363.0,347.0,423.0,495.0,396.0,335.0,556.0,363.0,535.0,371.0,315.0,489.0,407.0,493.0,428.0,453.0,355.0,371.0,275.0,430.0,555.0,513.0,425.0,327.0,429.0,349.0,377.0,503.0,381.0,367.0,533.0,417.0,369.0,329.0,366.0,323.0,483.0,369.0,421.0,387.0,485.0,467.0,387.0,339.0,0.0,349.0,357.0,577.0
URY,418.0,430.0,360.0,437.0,404.0,387.0,368.0,386.0,427.0,292.0,384.0,557.0,382.0,438.0,372.0,390.0,408.0,430.0,356.0,400.0,338.0,358.0,472.0,310.0,442.0,382.0,372.0,548.0,398.0,322.0,426.0,432.0,500.0,343.0,338.0,671.0,384.0,606.0,382.0,444.0,408.0,402.0,532.0,415.0,510.0,410.0,360.0,408.0,543.0,564.0,520.0,378.0,340.0,488.0,402.0,392.0,488.0,434.0,358.0,500.0,458.0,384.0,432.0,349.0,356.0,532.0,354.0,290.0,326.0,512.0,518.0,420.0,386.0,349.0,0.0,432.0,470.0
USA,429.0,388.0,524.0,361.0,423.0,415.0,428.0,403.0,409.0,418.0,384.0,595.0,421.0,462.0,365.0,422.0,331.0,509.0,381.0,440.0,307.0,427.0,438.0,381.0,357.0,413.0,521.0,484.0,417.0,408.0,317.0,455.0,498.0,433.0,350.0,532.0,410.0,515.0,454.0,407.0,428.0,394.0,485.0,491.0,462.0,434.0,397.0,414.0,460.0,523.0,498.0,460.0,421.0,470.0,400.0,454.0,481.0,386.0,443.0,442.0,517.0,395.0,447.0,415.0,421.0,466.0,357.0,425.0,420.0,459.0,484.0,408.0,387.0,357.0,432.0,0.0,570.0
VNM,582.0,518.0,472.0,459.0,488.0,479.0,494.0,574.0,567.0,494.0,548.0,699.0,534.0,532.0,480.0,568.0,538.0,584.0,540.0,560.0,526.0,550.0,512.0,482.0,536.0,588.0,556.0,656.0,558.0,520.0,468.0,498.0,654.0,463.0,522.0,629.0,554.0,626.0,486.0,556.0,624.0,448.0,546.0,559.0,582.0,526.0,586.0,612.0,635.0,642.0,580.0,520.0,654.0,568.0,546.0,594.0,560.0,522.0,528.0,596.0,618.0,570.0,518.0,487.0,538.0,612.0,508.0,482.0,528.0,622.0,550.0,566.0,592.0,577.0,470.0,570.0,0.0
