Country1,Country2,Footrule
ALB,ARE,474.0
ALB,ARG,544.0
ALB,AUS,447.0
ALB,AUT,460.0
ALB,BEL,531.0
ALB,BGR,511.0
ALB,BIH,484.0
ALB,BLR,615.0
ALB,BRA,520.0
ALB,BRN,498.0
ALB,CAN,695.0
ALB,CHE,460.0
ALB,CHL,418.0
ALB,COL,434.0
ALB,CRI,432.0
ALB,CZE,541.0
ALB,DEU,492.0
ALB,DNK,408.0
ALB,DOM,548.0
ALB,ESP,558.0
ALB,EST,556.0
ALB,FIN,577.0
ALB,FRA,576.0
ALB,GBR,530.0
ALB,GEO,528.0
ALB,GRC,517.0
ALB,HKG,628.0
ALB,HRV,522.0
ALB,HUN,454.0
ALB,IDN,544.0
ALB,IRL,424.0
ALB,ISL,480.0
ALB,ITA,525.0
ALB,JOR,594.0
ALB,JPN,597.0
ALB,KAZ,486.0
ALB,KOR,558.0
ALB,KSV,642.0
ALB,LTU,501.0
ALB,LUX,546.0
ALB,LVA,418.0
ALB,MAC,572.0
ALB,MAR,515.0
ALB,MDA,624.0
ALB,MEX,544.0
ALB,MLT,496.0
ALB,MNE,531.0
ALB,MYS,505.0
ALB,NLD,571.0
ALB,NOR,576.0
ALB,NZL,480.0
ALB,PAN,438.0
ALB,PER,532.0
ALB,PHL,516.0
ALB,POL,558.0
ALB,PRT,560.0
ALB,QAT,460.0
ALB,QAZ,480.0
ALB,QCI,506.0
ALB,QMR,654.0
ALB,QRT,522.0
ALB,ROU,468.0
ALB,RUS,497.0
ALB,SAU,434.0
ALB,SGP,526.0
ALB,SRB,512.0
ALB,SVK,479.0
ALB,SVN,504.0
ALB,SWE,614.0
ALB,TAP,422.0
ALB,THA,516.0
ALB,TUR,444.0
ALB,UKR,587.0
ALB,URY,466.0
ALB,USA,582.0
ALB,VNM,650.0
ARE,ARG,348.0
ARE,AUS,351.0
ARE,AUT,414.0
ARE,BEL,427.0
ARE,BGR,358.0
ARE,BIH,424.0
ARE,BLR,499.0
ARE,BRA,416.0
ARE,BRN,478.0
ARE,CAN,555.0
ARE,CHE,370.0
ARE,CHL,374.0
ARE,COL,346.0
ARE,CRI,554.0
ARE,CZE,518.0
ARE,DEU,444.0
ARE,DNK,412.0
ARE,DOM,400.0
ARE,ESP,364.0
ARE,EST,504.0
ARE,FIN,470.0
ARE,FRA,508.0
ARE,GBR,338.0
ARE,GEO,500.0
ARE,GRC,378.0
ARE,HKG,602.0
ARE,HRV,466.0
ARE,HUN,430.0
ARE,IDN,456.0
ARE,IRL,434.0
ARE,ISL,398.0
ARE,ITA,395.0
ARE,JOR,400.0
ARE,JPN,485.0
ARE,KAZ,386.0
ARE,KOR,470.0
ARE,KSV,532.0
ARE,LTU,436.0
ARE,LUX,494.0
ARE,LVA,408.0
ARE,MAC,540.0
ARE,MAR,399.0
ARE,MDA,614.0
ARE,MEX,314.0
ARE,MLT,434.0
ARE,MNE,428.0
ARE,MYS,403.0
ARE,NLD,542.0
ARE,NOR,582.0
ARE,NZL,434.0
ARE,PAN,418.0
ARE,PER,434.0
ARE,PHL,394.0
ARE,POL,460.0
ARE,PRT,534.0
ARE,QAT,388.0
ARE,QAZ,428.0
ARE,QCI,362.0
ARE,QMR,538.0
ARE,QRT,392.0
ARE,ROU,500.0
ARE,RUS,351.0
ARE,SAU,304.0
ARE,SGP,498.0
ARE,SRB,372.0
ARE,SVK,474.0
ARE,SVN,454.0
ARE,SWE,466.0
ARE,TAP,486.0
ARE,THA,442.0
ARE,TUR,380.0
ARE,UKR,561.0
ARE,URY,434.0
ARE,USA,530.0
ARE,VNM,686.0
ARG,AUS,405.0
ARG,AUT,430.0
ARG,BEL,459.0
ARG,BGR,353.0
ARG,BIH,420.0
ARG,BLR,503.0
ARG,BRA,356.0
ARG,BRN,374.0
ARG,CAN,561.0
ARG,CHE,374.0
ARG,CHL,434.0
ARG,COL,430.0
ARG,CRI,596.0
ARG,CZE,421.0
ARG,DEU,406.0
ARG,DNK,466.0
ARG,DOM,344.0
ARG,ESP,360.0
ARG,EST,442.0
ARG,FIN,493.0
ARG,FRA,450.0
ARG,GBR,440.0
ARG,GEO,522.0
ARG,GRC,371.0
ARG,HKG,602.0
ARG,HRV,448.0
ARG,HUN,406.0
ARG,IDN,414.0
ARG,IRL,434.0
ARG,ISL,308.0
ARG,ITA,411.0
ARG,JOR,472.0
ARG,JPN,549.0
ARG,KAZ,344.0
ARG,KOR,484.0
ARG,KSV,524.0
ARG,LTU,413.0
ARG,LUX,498.0
ARG,LVA,418.0
ARG,MAC,450.0
ARG,MAR,379.0
ARG,MDA,562.0
ARG,MEX,402.0
ARG,MLT,474.0
ARG,MNE,385.0
ARG,MYS,437.0
ARG,NLD,539.0
ARG,NOR,618.0
ARG,NZL,384.0
ARG,PAN,434.0
ARG,PER,368.0
ARG,PHL,408.0
ARG,POL,414.0
ARG,PRT,496.0
ARG,QAT,470.0
ARG,QAZ,396.0
ARG,QCI,456.0
ARG,QMR,500.0
ARG,QRT,444.0
ARG,ROU,470.0
ARG,RUS,379.0
ARG,SAU,314.0
ARG,SGP,534.0
ARG,SRB,386.0
ARG,SVK,373.0
ARG,SVN,364.0
ARG,SWE,474.0
ARG,TAP,472.0
ARG,THA,438.0
ARG,TUR,496.0
ARG,UKR,389.0
ARG,URY,436.0
ARG,USA,546.0
ARG,VNM,632.0
AUS,AUT,405.0
AUS,BEL,386.0
AUS,BGR,397.0
AUS,BIH,407.0
AUS,BLR,506.0
AUS,BRA,353.0
AUS,BRN,455.0
AUS,CAN,550.0
AUS,CHE,327.0
AUS,CHL,379.0
AUS,COL,405.0
AUS,CRI,589.0
AUS,CZE,459.0
AUS,DEU,463.0
AUS,DNK,357.0
AUS,DOM,435.0
AUS,ESP,393.0
AUS,EST,457.0
AUS,FIN,407.0
AUS,FRA,479.0
AUS,GBR,359.0
AUS,GEO,491.0
AUS,GRC,367.0
AUS,HKG,667.0
AUS,HRV,443.0
AUS,HUN,425.0
AUS,IDN,467.0
AUS,IRL,387.0
AUS,ISL,407.0
AUS,ITA,364.0
AUS,JOR,437.0
AUS,JPN,532.0
AUS,KAZ,333.0
AUS,KOR,577.0
AUS,KSV,511.0
AUS,LTU,357.0
AUS,LUX,535.0
AUS,LVA,401.0
AUS,MAC,551.0
AUS,MAR,466.0
AUS,MDA,505.0
AUS,MEX,351.0
AUS,MLT,387.0
AUS,MNE,419.0
AUS,MYS,408.0
AUS,NLD,517.0
AUS,NOR,584.0
AUS,NZL,365.0
AUS,PAN,333.0
AUS,PER,531.0
AUS,PHL,423.0
AUS,POL,499.0
AUS,PRT,577.0
AUS,QAT,493.0
AUS,QAZ,455.0
AUS,QCI,433.0
AUS,QMR,565.0
AUS,QRT,449.0
AUS,ROU,483.0
AUS,RUS,396.0
AUS,SAU,321.0
AUS,SGP,481.0
AUS,SRB,429.0
AUS,SVK,419.0
AUS,SVN,455.0
AUS,SWE,461.0
AUS,TAP,505.0
AUS,THA,465.0
AUS,TUR,381.0
AUS,UKR,504.0
AUS,URY,445.0
AUS,USA,477.0
AUS,VNM,605.0
AUT,BEL,437.0
AUT,BGR,461.0
AUT,BIH,430.0
AUT,BLR,461.0
AUT,BRA,386.0
AUT,BRN,520.0
AUT,CAN,603.0
AUT,CHE,336.0
AUT,CHL,298.0
AUT,COL,376.0
AUT,CRI,458.0
AUT,CZE,517.0
AUT,DEU,462.0
AUT,DNK,436.0
AUT,DOM,486.0
AUT,ESP,428.0
AUT,EST,536.0
AUT,FIN,429.0
AUT,FRA,476.0
AUT,GBR,478.0
AUT,GEO,536.0
AUT,GRC,393.0
AUT,HKG,664.0
AUT,HRV,464.0
AUT,HUN,396.0
AUT,IDN,484.0
AUT,IRL,386.0
AUT,ISL,430.0
AUT,ITA,449.0
AUT,JOR,444.0
AUT,JPN,525.0
AUT,KAZ,358.0
AUT,KOR,466.0
AUT,KSV,434.0
AUT,LTU,465.0
AUT,LUX,556.0
AUT,LVA,432.0
AUT,MAC,516.0
AUT,MAR,457.0
AUT,MDA,542.0
AUT,MEX,436.0
AUT,MLT,426.0
AUT,MNE,405.0
AUT,MYS,437.0
AUT,NLD,561.0
AUT,NOR,604.0
AUT,NZL,424.0
AUT,PAN,398.0
AUT,PER,460.0
AUT,PHL,494.0
AUT,POL,474.0
AUT,PRT,516.0
AUT,QAT,504.0
AUT,QAZ,494.0
AUT,QCI,468.0
AUT,QMR,530.0
AUT,QRT,530.0
AUT,ROU,420.0
AUT,RUS,457.0
AUT,SAU,428.0
AUT,SGP,482.0
AUT,SRB,396.0
AUT,SVK,323.0
AUT,SVN,366.0
AUT,SWE,538.0
AUT,TAP,508.0
AUT,THA,496.0
AUT,TUR,402.0
AUT,UKR,483.0
AUT,URY,404.0
AUT,USA,526.0
AUT,VNM,614.0
BEL,BGR,487.0
BEL,BIH,475.0
BEL,BLR,538.0
BEL,BRA,373.0
BEL,BRN,509.0
BEL,CAN,676.0
BEL,CHE,477.0
BEL,CHL,439.0
BEL,COL,417.0
BEL,CRI,577.0
BEL,CZE,461.0
BEL,DEU,469.0
BEL,DNK,533.0
BEL,DOM,501.0
BEL,ESP,499.0
BEL,EST,499.0
BEL,FIN,421.0
BEL,FRA,549.0
BEL,GBR,465.0
BEL,GEO,481.0
BEL,GRC,309.0
BEL,HKG,597.0
BEL,HRV,467.0
BEL,HUN,445.0
BEL,IDN,529.0
BEL,IRL,417.0
BEL,ISL,541.0
BEL,ITA,396.0
BEL,JOR,539.0
BEL,JPN,548.0
BEL,KAZ,531.0
BEL,KOR,607.0
BEL,KSV,539.0
BEL,LTU,399.0
BEL,LUX,481.0
BEL,LVA,455.0
BEL,MAC,613.0
BEL,MAR,382.0
BEL,MDA,583.0
BEL,MEX,445.0
BEL,MLT,469.0
BEL,MNE,471.0
BEL,MYS,472.0
BEL,NLD,567.0
BEL,NOR,632.0
BEL,NZL,445.0
BEL,PAN,441.0
BEL,PER,553.0
BEL,PHL,409.0
BEL,POL,433.0
BEL,PRT,599.0
BEL,QAT,523.0
BEL,QAZ,415.0
BEL,QCI,425.0
BEL,QMR,441.0
BEL,QRT,481.0
BEL,ROU,481.0
BEL,RUS,346.0
BEL,SAU,489.0
BEL,SGP,467.0
BEL,SRB,453.0
BEL,SVK,527.0
BEL,SVN,475.0
BEL,SWE,487.0
BEL,TAP,489.0
BEL,THA,461.0
BEL,TUR,465.0
BEL,UKR,564.0
BEL,URY,423.0
BEL,USA,469.0
BEL,VNM,571.0
BGR,BIH,417.0
BGR,BLR,571.0
BGR,BRA,423.0
BGR,BRN,584.0
BGR,CAN,615.0
BGR,CHE,436.0
BGR,CHL,456.0
BGR,COL,397.0
BGR,CRI,581.0
BGR,CZE,587.0
BGR,DEU,541.0
BGR,DNK,442.0
BGR,DOM,444.0
BGR,ESP,342.0
BGR,EST,483.0
BGR,FIN,467.0
BGR,FRA,480.0
BGR,GBR,422.0
BGR,GEO,497.0
BGR,GRC,468.0
BGR,HKG,641.0
BGR,HRV,427.0
BGR,HUN,397.0
BGR,IDN,510.0
BGR,IRL,440.0
BGR,ISL,372.0
BGR,ITA,415.0
BGR,JOR,472.0
BGR,JPN,592.0
BGR,KAZ,392.0
BGR,KOR,596.0
BGR,KSV,539.0
BGR,LTU,424.0
BGR,LUX,523.0
BGR,LVA,425.0
BGR,MAC,598.0
BGR,MAR,441.0
BGR,MDA,576.0
BGR,MEX,353.0
BGR,MLT,498.0
BGR,MNE,392.0
BGR,MYS,464.0
BGR,NLD,517.0
BGR,NOR,633.0
BGR,NZL,464.0
BGR,PAN,448.0
BGR,PER,496.0
BGR,PHL,521.0
BGR,POL,494.0
BGR,PRT,512.0
BGR,QAT,482.0
BGR,QAZ,479.0
BGR,QCI,440.0
BGR,QMR,567.0
BGR,QRT,375.0
BGR,ROU,485.0
BGR,RUS,403.0
BGR,SAU,441.0
BGR,SGP,552.0
BGR,SRB,439.0
BGR,SVK,449.0
BGR,SVN,394.0
BGR,SWE,512.0
BGR,TAP,535.0
BGR,THA,547.0
BGR,TUR,458.0
BGR,UKR,525.0
BGR,URY,433.0
BGR,USA,560.0
BGR,VNM,694.0
BIH,BLR,561.0
BIH,BRA,352.0
BIH,BRN,540.0
BIH,CAN,519.0
BIH,CHE,522.0
BIH,CHL,402.0
BIH,COL,368.0
BIH,CRI,530.0
BIH,CZE,513.0
BIH,DEU,506.0
BIH,DNK,398.0
BIH,DOM,430.0
BIH,ESP,436.0
BIH,EST,484.0
BIH,FIN,475.0
BIH,FRA,492.0
BIH,GBR,442.0
BIH,GEO,526.0
BIH,GRC,419.0
BIH,HKG,540.0
BIH,HRV,476.0
BIH,HUN,482.0
BIH,IDN,482.0
BIH,IRL,406.0
BIH,ISL,410.0
BIH,ITA,383.0
BIH,JOR,510.0
BIH,JPN,535.0
BIH,KAZ,438.0
BIH,KOR,662.0
BIH,KSV,592.0
BIH,LTU,425.0
BIH,LUX,402.0
BIH,LVA,450.0
BIH,MAC,534.0
BIH,MAR,473.0
BIH,MDA,574.0
BIH,MEX,406.0
BIH,MLT,510.0
BIH,MNE,413.0
BIH,MYS,495.0
BIH,NLD,599.0
BIH,NOR,644.0
BIH,NZL,508.0
BIH,PAN,406.0
BIH,PER,534.0
BIH,PHL,466.0
BIH,POL,454.0
BIH,PRT,602.0
BIH,QAT,482.0
BIH,QAZ,444.0
BIH,QCI,404.0
BIH,QMR,498.0
BIH,QRT,496.0
BIH,ROU,458.0
BIH,RUS,433.0
BIH,SAU,416.0
BIH,SGP,580.0
BIH,SRB,480.0
BIH,SVK,479.0
BIH,SVN,396.0
BIH,SWE,466.0
BIH,TAP,596.0
BIH,THA,534.0
BIH,TUR,486.0
BIH,UKR,455.0
BIH,URY,480.0
BIH,USA,492.0
BIH,VNM,662.0
BLR,BRA,501.0
BLR,BRN,569.0
BLR,CAN,572.0
BLR,CHE,503.0
BLR,CHL,483.0
BLR,COL,443.0
BLR,CRI,519.0
BLR,CZE,541.0
BLR,DEU,465.0
BLR,DNK,529.0
BLR,DOM,547.0
BLR,ESP,531.0
BLR,EST,551.0
BLR,FIN,569.0
BLR,FRA,491.0
BLR,GBR,577.0
BLR,GEO,575.0
BLR,GRC,489.0
BLR,HKG,655.0
BLR,HRV,563.0
BLR,HUN,491.0
BLR,IDN,515.0
BLR,IRL,605.0
BLR,ISL,533.0
BLR,ITA,558.0
BLR,JOR,541.0
BLR,JPN,530.0
BLR,KAZ,523.0
BLR,KOR,407.0
BLR,KSV,577.0
BLR,LTU,491.0
BLR,LUX,545.0
BLR,LVA,537.0
BLR,MAC,587.0
BLR,MAR,580.0
BLR,MDA,583.0
BLR,MEX,565.0
BLR,MLT,501.0
BLR,MNE,561.0
BLR,MYS,480.0
BLR,NLD,639.0
BLR,NOR,515.0
BLR,NZL,499.0
BLR,PAN,465.0
BLR,PER,579.0
BLR,PHL,523.0
BLR,POL,565.0
BLR,PRT,539.0
BLR,QAT,605.0
BLR,QAZ,577.0
BLR,QCI,485.0
BLR,QMR,591.0
BLR,QRT,557.0
BLR,ROU,507.0
BLR,RUS,454.0
BLR,SAU,505.0
BLR,SGP,517.0
BLR,SRB,479.0
BLR,SVK,453.0
BLR,SVN,399.0
BLR,SWE,499.0
BLR,TAP,575.0
BLR,THA,533.0
BLR,TUR,561.0
BLR,UKR,570.0
BLR,URY,473.0
BLR,USA,603.0
BLR,VNM,683.0
BRA,BRN,426.0
BRA,CAN,553.0
BRA,CHE,446.0
BRA,CHL,358.0
BRA,COL,354.0
BRA,CRI,512.0
BRA,CZE,429.0
BRA,DEU,388.0
BRA,DNK,406.0
BRA,DOM,386.0
BRA,ESP,408.0
BRA,EST,442.0
BRA,FIN,481.0
BRA,FRA,416.0
BRA,GBR,434.0
BRA,GEO,498.0
BRA,GRC,301.0
BRA,HKG,594.0
BRA,HRV,502.0
BRA,HUN,432.0
BRA,IDN,476.0
BRA,IRL,456.0
BRA,ISL,416.0
BRA,ITA,445.0
BRA,JOR,440.0
BRA,JPN,535.0
BRA,KAZ,404.0
BRA,KOR,542.0
BRA,KSV,502.0
BRA,LTU,353.0
BRA,LUX,396.0
BRA,LVA,464.0
BRA,MAC,492.0
BRA,MAR,379.0
BRA,MDA,552.0
BRA,MEX,392.0
BRA,MLT,456.0
BRA,MNE,347.0
BRA,MYS,457.0
BRA,NLD,541.0
BRA,NOR,657.0
BRA,NZL,366.0
BRA,PAN,368.0
BRA,PER,420.0
BRA,PHL,462.0
BRA,POL,452.0
BRA,PRT,594.0
BRA,QAT,498.0
BRA,QAZ,406.0
BRA,QCI,404.0
BRA,QMR,478.0
BRA,QRT,466.0
BRA,ROU,472.0
BRA,RUS,353.0
BRA,SAU,338.0
BRA,SGP,504.0
BRA,SRB,398.0
BRA,SVK,427.0
BRA,SVN,408.0
BRA,SWE,434.0
BRA,TAP,532.0
BRA,THA,452.0
BRA,TUR,484.0
BRA,UKR,409.0
BRA,URY,402.0
BRA,USA,498.0
BRA,VNM,656.0
BRN,CAN,689.0
BRN,CHE,456.0
BRN,CHL,500.0
BRN,COL,540.0
BRN,CRI,626.0
BRN,CZE,514.0
BRN,DEU,530.0
BRN,DNK,526.0
BRN,DOM,436.0
BRN,ESP,534.0
BRN,EST,506.0
BRN,FIN,560.0
BRN,FRA,572.0
BRN,GBR,446.0
BRN,GEO,582.0
BRN,GRC,408.0
BRN,HKG,622.0
BRN,HRV,640.0
BRN,HUN,444.0
BRN,IDN,486.0
BRN,IRL,556.0
BRN,ISL,460.0
BRN,ITA,477.0
BRN,JOR,498.0
BRN,JPN,579.0
BRN,KAZ,444.0
BRN,KOR,556.0
BRN,KSV,610.0
BRN,LTU,532.0
BRN,LUX,644.0
BRN,LVA,482.0
BRN,MAC,568.0
BRN,MAR,479.0
BRN,MDA,616.0
BRN,MEX,526.0
BRN,MLT,478.0
BRN,MNE,532.0
BRN,MYS,473.0
BRN,NLD,612.0
BRN,NOR,633.0
BRN,NZL,414.0
BRN,PAN,440.0
BRN,PER,426.0
BRN,PHL,440.0
BRN,POL,580.0
BRN,PRT,610.0
BRN,QAT,526.0
BRN,QAZ,500.0
BRN,QCI,520.0
BRN,QMR,584.0
BRN,QRT,590.0
BRN,ROU,510.0
BRN,RUS,497.0
BRN,SAU,400.0
BRN,SGP,542.0
BRN,SRB,498.0
BRN,SVK,506.0
BRN,SVN,532.0
BRN,SWE,630.0
BRN,TAP,556.0
BRN,THA,434.0
BRN,TUR,528.0
BRN,UKR,497.0
BRN,URY,442.0
BRN,USA,522.0
BRN,VNM,554.0
CAN,CHE,609.0
CAN,CHL,615.0
CAN,COL,521.0
CAN,CRI,643.0
CAN,CZE,595.0
CAN,DEU,605.0
CAN,DNK,565.0
CAN,DOM,611.0
CAN,ESP,601.0
CAN,EST,641.0
CAN,FIN,655.0
CAN,FRA,609.0
CAN,GBR,589.0
CAN,GEO,711.0
CAN,GRC,611.0
CAN,HKG,719.0
CAN,HRV,665.0
CAN,HUN,667.0
CAN,IDN,543.0
CAN,IRL,615.0
CAN,ISL,627.0
CAN,ITA,572.0
CAN,JOR,627.0
CAN,JPN,564.0
CAN,KAZ,563.0
CAN,KOR,597.0
CAN,KSV,611.0
CAN,LTU,607.0
CAN,LUX,585.0
CAN,LVA,637.0
CAN,MAC,553.0
CAN,MAR,672.0
CAN,MDA,635.0
CAN,MEX,581.0
CAN,MLT,645.0
CAN,MNE,585.0
CAN,MYS,532.0
CAN,NLD,645.0
CAN,NOR,617.0
CAN,NZL,541.0
CAN,PAN,611.0
CAN,PER,617.0
CAN,PHL,607.0
CAN,POL,617.0
CAN,PRT,555.0
CAN,QAT,633.0
CAN,QAZ,607.0
CAN,QCI,619.0
CAN,QMR,581.0
CAN,QRT,689.0
CAN,ROU,649.0
CAN,RUS,596.0
CAN,SAU,549.0
CAN,SGP,543.0
CAN,SRB,629.0
CAN,SVK,547.0
CAN,SVN,589.0
CAN,SWE,473.0
CAN,TAP,629.0
CAN,THA,617.0
CAN,TUR,537.0
CAN,UKR,586.0
CAN,URY,683.0
CAN,USA,641.0
CAN,VNM,785.0
CHE,CHL,402.0
CHE,COL,430.0
CHE,CRI,614.0
CHE,CZE,515.0
CHE,DEU,478.0
CHE,DNK,394.0
CHE,DOM,482.0
CHE,ESP,470.0
CHE,EST,504.0
CHE,FIN,423.0
CHE,FRA,460.0
CHE,GBR,416.0
CHE,GEO,538.0
CHE,GRC,432.0
CHE,HKG,646.0
CHE,HRV,484.0
CHE,HUN,406.0
CHE,IDN,436.0
CHE,IRL,450.0
CHE,ISL,394.0
CHE,ITA,485.0
CHE,JOR,526.0
CHE,JPN,505.0
CHE,KAZ,348.0
CHE,KOR,440.0
CHE,KSV,508.0
CHE,LTU,476.0
CHE,LUX,578.0
CHE,LVA,426.0
CHE,MAC,474.0
CHE,MAR,493.0
CHE,MDA,530.0
CHE,MEX,420.0
CHE,MLT,482.0
CHE,MNE,488.0
CHE,MYS,391.0
CHE,NLD,501.0
CHE,NOR,557.0
CHE,NZL,352.0
CHE,PAN,380.0
CHE,PER,492.0
CHE,PHL,460.0
CHE,POL,468.0
CHE,PRT,438.0
CHE,QAT,472.0
CHE,QAZ,496.0
CHE,QCI,524.0
CHE,QMR,552.0
CHE,QRT,518.0
CHE,ROU,472.0
CHE,RUS,487.0
CHE,SAU,362.0
CHE,SGP,440.0
CHE,SRB,436.0
CHE,SVK,387.0
CHE,SVN,426.0
CHE,SWE,560.0
CHE,TAP,472.0
CHE,THA,502.0
CHE,TUR,396.0
CHE,UKR,537.0
CHE,URY,454.0
CHE,USA,488.0
CHE,VNM,562.0
CHL,COL,378.0
CHL,CRI,456.0
CHL,CZE,496.0
CHL,DEU,492.0
CHL,DNK,330.0
CHL,DOM,452.0
CHL,ESP,460.0
CHL,EST,526.0
CHL,FIN,462.0
CHL,FRA,472.0
CHL,GBR,448.0
CHL,GEO,496.0
CHL,GRC,420.0
CHL,HKG,638.0
CHL,HRV,532.0
CHL,HUN,362.0
CHL,IDN,488.0
CHL,IRL,402.0
CHL,ISL,386.0
CHL,ITA,503.0
CHL,JOR,494.0
CHL,JPN,551.0
CHL,KAZ,392.0
CHL,KOR,416.0
CHL,KSV,592.0
CHL,LTU,440.0
CHL,LUX,500.0
CHL,LVA,482.0
CHL,MAC,498.0
CHL,MAR,419.0
CHL,MDA,562.0
CHL,MEX,430.0
CHL,MLT,342.0
CHL,MNE,468.0
CHL,MYS,487.0
CHL,NLD,524.0
CHL,NOR,524.0
CHL,NZL,474.0
CHL,PAN,442.0
CHL,PER,462.0
CHL,PHL,526.0
CHL,POL,444.0
CHL,PRT,504.0
CHL,QAT,484.0
CHL,QAZ,438.0
CHL,QCI,434.0
CHL,QMR,610.0
CHL,QRT,546.0
CHL,ROU,406.0
CHL,RUS,409.0
CHL,SAU,360.0
CHL,SGP,458.0
CHL,SRB,442.0
CHL,SVK,438.0
CHL,SVN,444.0
CHL,SWE,524.0
CHL,TAP,478.0
CHL,THA,504.0
CHL,TUR,418.0
CHL,UKR,513.0
CHL,URY,394.0
CHL,USA,486.0
CHL,VNM,658.0
COL,CRI,458.0
COL,CZE,451.0
COL,DEU,460.0
COL,DNK,392.0
COL,DOM,466.0
COL,ESP,390.0
COL,EST,518.0
COL,FIN,441.0
COL,FRA,484.0
COL,GBR,406.0
COL,GEO,512.0
COL,GRC,411.0
COL,HKG,640.0
COL,HRV,472.0
COL,HUN,436.0
COL,IDN,480.0
COL,IRL,400.0
COL,ISL,456.0
COL,ITA,403.0
COL,JOR,510.0
COL,JPN,555.0
COL,KAZ,398.0
COL,KOR,492.0
COL,KSV,518.0
COL,LTU,407.0
COL,LUX,484.0
COL,LVA,498.0
COL,MAC,582.0
COL,MAR,423.0
COL,MDA,630.0
COL,MEX,370.0
COL,MLT,462.0
COL,MNE,383.0
COL,MYS,399.0
COL,NLD,551.0
COL,NOR,566.0
COL,NZL,422.0
COL,PAN,382.0
COL,PER,446.0
COL,PHL,418.0
COL,POL,474.0
COL,PRT,534.0
COL,QAT,390.0
COL,QAZ,434.0
COL,QCI,422.0
COL,QMR,532.0
COL,QRT,444.0
COL,ROU,442.0
COL,RUS,427.0
COL,SAU,356.0
COL,SGP,518.0
COL,SRB,380.0
COL,SVK,455.0
COL,SVN,358.0
COL,SWE,446.0
COL,TAP,548.0
COL,THA,482.0
COL,TUR,426.0
COL,UKR,503.0
COL,URY,462.0
COL,USA,480.0
COL,VNM,688.0
CRI,CZE,521.0
CRI,DEU,580.0
CRI,DNK,472.0
CRI,DOM,626.0
CRI,ESP,588.0
CRI,EST,590.0
CRI,FIN,511.0
CRI,FRA,562.0
CRI,GBR,642.0
CRI,GEO,608.0
CRI,GRC,627.0
CRI,HKG,662.0
CRI,HRV,538.0
CRI,HUN,550.0
CRI,IDN,508.0
CRI,IRL,492.0
CRI,ISL,564.0
CRI,ITA,653.0
CRI,JOR,692.0
CRI,JPN,525.0
CRI,KAZ,546.0
CRI,KOR,556.0
CRI,KSV,682.0
CRI,LTU,519.0
CRI,LUX,524.0
CRI,LVA,554.0
CRI,MAC,630.0
CRI,MAR,541.0
CRI,MDA,684.0
CRI,MEX,618.0
CRI,MLT,540.0
CRI,MNE,579.0
CRI,MYS,561.0
CRI,NLD,575.0
CRI,NOR,526.0
CRI,NZL,598.0
CRI,PAN,566.0
CRI,PER,590.0
CRI,PHL,618.0
CRI,POL,490.0
CRI,PRT,622.0
CRI,QAT,516.0
CRI,QAZ,524.0
CRI,QCI,500.0
CRI,QMR,674.0
CRI,QRT,590.0
CRI,ROU,504.0
CRI,RUS,545.0
CRI,SAU,534.0
CRI,SGP,586.0
CRI,SRB,564.0
CRI,SVK,547.0
CRI,SVN,520.0
CRI,SWE,476.0
CRI,TAP,472.0
CRI,THA,554.0
CRI,TUR,532.0
CRI,UKR,581.0
CRI,URY,532.0
CRI,USA,582.0
CRI,VNM,772.0
CZE,DEU,466.0
CZE,DNK,455.0
CZE,DOM,506.0
CZE,ESP,497.0
CZE,EST,541.0
CZE,FIN,422.0
CZE,FRA,537.0
CZE,GBR,562.0
CZE,GEO,503.0
CZE,GRC,449.0
CZE,HKG,549.0
CZE,HRV,479.0
CZE,HUN,511.0
CZE,IDN,498.0
CZE,IRL,445.0
CZE,ISL,538.0
CZE,ITA,533.0
CZE,JOR,674.0
CZE,JPN,522.0
CZE,KAZ,490.0
CZE,KOR,492.0
CZE,KSV,569.0
CZE,LTU,461.0
CZE,LUX,518.0
CZE,LVA,542.0
CZE,MAC,501.0
CZE,MAR,489.0
CZE,MDA,600.0
CZE,MEX,574.0
CZE,MLT,550.0
CZE,MNE,585.0
CZE,MYS,480.0
CZE,NLD,540.0
CZE,NOR,684.0
CZE,NZL,532.0
CZE,PAN,480.0
CZE,PER,500.0
CZE,PHL,445.0
CZE,POL,426.0
CZE,PRT,575.0
CZE,QAT,532.0
CZE,QAZ,559.0
CZE,QCI,442.0
CZE,QMR,569.0
CZE,QRT,573.0
CZE,ROU,447.0
CZE,RUS,395.0
CZE,SAU,389.0
CZE,SGP,606.0
CZE,SRB,479.0
CZE,SVK,480.0
CZE,SVN,500.0
CZE,SWE,380.0
CZE,TAP,475.0
CZE,THA,475.0
CZE,TUR,486.0
CZE,UKR,471.0
CZE,URY,579.0
CZE,USA,451.0
CZE,VNM,598.0
DEU,DNK,528.0
DEU,DOM,358.0
DEU,ESP,456.0
DEU,EST,470.0
DEU,FIN,652.0
DEU,FRA,498.0
DEU,GBR,556.0
DEU,GEO,416.0
DEU,GRC,433.0
DEU,HKG,678.0
DEU,HRV,500.0
DEU,HUN,518.0
DEU,IDN,496.0
DEU,IRL,522.0
DEU,ISL,530.0
DEU,ITA,483.0
DEU,JOR,492.0
DEU,JPN,593.0
DEU,KAZ,466.0
DEU,KOR,600.0
DEU,KSV,568.0
DEU,LTU,369.0
DEU,LUX,444.0
DEU,LVA,424.0
DEU,MAC,596.0
DEU,MAR,431.0
DEU,MDA,530.0
DEU,MEX,494.0
DEU,MLT,490.0
DEU,MNE,479.0
DEU,MYS,463.0
DEU,NLD,632.0
DEU,NOR,721.0
DEU,NZL,448.0
DEU,PAN,356.0
DEU,PER,428.0
DEU,PHL,488.0
DEU,POL,516.0
DEU,PRT,534.0
DEU,QAT,490.0
DEU,QAZ,394.0
DEU,QCI,502.0
DEU,QMR,496.0
DEU,QRT,478.0
DEU,ROU,578.0
DEU,RUS,491.0
DEU,SAU,466.0
DEU,SGP,558.0
DEU,SRB,414.0
DEU,SVK,486.0
DEU,SVN,452.0
DEU,SWE,506.0
DEU,TAP,514.0
DEU,THA,602.0
DEU,TUR,590.0
DEU,UKR,515.0
DEU,URY,412.0
DEU,USA,542.0
DEU,VNM,666.0
DNK,DOM,528.0
DNK,ESP,482.0
DNK,EST,462.0
DNK,FIN,407.0
DNK,FRA,568.0
DNK,GBR,422.0
DNK,GEO,520.0
DNK,GRC,458.0
DNK,HKG,560.0
DNK,HRV,494.0
DNK,HUN,394.0
DNK,IDN,470.0
DNK,IRL,404.0
DNK,ISL,410.0
DNK,ITA,499.0
DNK,JOR,576.0
DNK,JPN,565.0
DNK,KAZ,336.0
DNK,KOR,490.0
DNK,KSV,574.0
DNK,LTU,448.0
DNK,LUX,532.0
DNK,LVA,470.0
DNK,MAC,530.0
DNK,MAR,575.0
DNK,MDA,554.0
DNK,MEX,454.0
DNK,MLT,376.0
DNK,MNE,410.0
DNK,MYS,445.0
DNK,NLD,513.0
DNK,NOR,607.0
DNK,NZL,484.0
DNK,PAN,410.0
DNK,PER,548.0
DNK,PHL,536.0
DNK,POL,482.0
DNK,PRT,494.0
DNK,QAT,392.0
DNK,QAZ,532.0
DNK,QCI,360.0
DNK,QMR,568.0
DNK,QRT,514.0
DNK,ROU,374.0
DNK,RUS,507.0
DNK,SAU,332.0
DNK,SGP,528.0
DNK,SRB,464.0
DNK,SVK,473.0
DNK,SVN,422.0
DNK,SWE,482.0
DNK,TAP,482.0
DNK,THA,538.0
DNK,TUR,406.0
DNK,UKR,511.0
DNK,URY,492.0
DNK,USA,498.0
DNK,VNM,732.0
DOM,ESP,410.0
DOM,EST,436.0
DOM,FIN,588.0
DOM,FRA,534.0
DOM,GBR,436.0
DOM,GEO,416.0
DOM,GRC,448.0
DOM,HKG,590.0
DOM,HRV,514.0
DOM,HUN,386.0
DOM,IDN,388.0
DOM,IRL,576.0
DOM,ISL,412.0
DOM,ITA,445.0
DOM,JOR,404.0
DOM,JPN,651.0
DOM,KAZ,386.0
DOM,KOR,592.0
DOM,KSV,504.0
DOM,LTU,456.0
DOM,LUX,500.0
DOM,LVA,364.0
DOM,MAC,634.0
DOM,MAR,421.0
DOM,MDA,554.0
DOM,MEX,458.0
DOM,MLT,438.0
DOM,MNE,482.0
DOM,MYS,409.0
DOM,NLD,610.0
DOM,NOR,771.0
DOM,NZL,512.0
DOM,PAN,352.0
DOM,PER,366.0
DOM,PHL,468.0
DOM,POL,550.0
DOM,PRT,554.0
DOM,QAT,420.0
DOM,QAZ,444.0
DOM,QCI,548.0
DOM,QMR,546.0
DOM,QRT,470.0
DOM,ROU,528.0
DOM,RUS,433.0
DOM,SAU,378.0
DOM,SGP,652.0
DOM,SRB,490.0
DOM,SVK,532.0
DOM,SVN,448.0
DOM,SWE,578.0
DOM,TAP,546.0
DOM,THA,586.0
DOM,TUR,558.0
DOM,UKR,501.0
DOM,URY,420.0
DOM,USA,516.0
DOM,VNM,580.0
ESP,EST,528.0
ESP,FIN,521.0
ESP,FRA,458.0
ESP,GBR,418.0
ESP,GEO,514.0
ESP,GRC,422.0
ESP,HKG,614.0
ESP,HRV,476.0
ESP,HUN,430.0
ESP,IDN,454.0
ESP,IRL,504.0
ESP,ISL,370.0
ESP,ITA,403.0
ESP,JOR,498.0
ESP,JPN,603.0
ESP,KAZ,368.0
ESP,KOR,578.0
ESP,KSV,458.0
ESP,LTU,388.0
ESP,LUX,544.0
ESP,LVA,460.0
ESP,MAC,582.0
ESP,MAR,435.0
ESP,MDA,592.0
ESP,MEX,364.0
ESP,MLT,478.0
ESP,MNE,428.0
ESP,MYS,485.0
ESP,NLD,567.0
ESP,NOR,688.0
ESP,NZL,494.0
ESP,PAN,478.0
ESP,PER,448.0
ESP,PHL,554.0
ESP,POL,470.0
ESP,PRT,544.0
ESP,QAT,446.0
ESP,QAZ,564.0
ESP,QCI,414.0
ESP,QMR,614.0
ESP,QRT,390.0
ESP,ROU,522.0
ESP,RUS,399.0
ESP,SAU,398.0
ESP,SGP,556.0
ESP,SRB,436.0
ESP,SVK,411.0
ESP,SVN,426.0
ESP,SWE,466.0
ESP,TAP,584.0
ESP,THA,560.0
ESP,TUR,500.0
ESP,UKR,501.0
ESP,URY,478.0
ESP,USA,532.0
ESP,VNM,542.0
EST,FIN,519.0
EST,FRA,622.0
EST,GBR,470.0
EST,GEO,478.0
EST,GRC,465.0
EST,HKG,534.0
EST,HRV,482.0
EST,HUN,406.0
EST,IDN,482.0
EST,IRL,502.0
EST,ISL,446.0
EST,ITA,503.0
EST,JOR,514.0
EST,JPN,483.0
EST,KAZ,472.0
EST,KOR,572.0
EST,KSV,568.0
EST,LTU,509.0
EST,LUX,518.0
EST,LVA,432.0
EST,MAC,582.0
EST,MAR,571.0
EST,MDA,636.0
EST,MEX,524.0
EST,MLT,364.0
EST,MNE,449.0
EST,MYS,413.0
EST,NLD,465.0
EST,NOR,619.0
EST,NZL,490.0
EST,PAN,450.0
EST,PER,540.0
EST,PHL,488.0
EST,POL,600.0
EST,PRT,754.0
EST,QAT,422.0
EST,QAZ,460.0
EST,QCI,528.0
EST,QMR,518.0
EST,QRT,500.0
EST,ROU,462.0
EST,RUS,545.0
EST,SAU,446.0
EST,SGP,558.0
EST,SRB,462.0
EST,SVK,519.0
EST,SVN,510.0
EST,SWE,540.0
EST,TAP,472.0
EST,THA,552.0
EST,TUR,566.0
EST,UKR,561.0
EST,URY,562.0
EST,USA,484.0
EST,VNM,592.0
FIN,FRA,587.0
FIN,GBR,376.0
FIN,GEO,555.0
FIN,GRC,463.0
FIN,HKG,575.0
FIN,HRV,403.0
FIN,HUN,491.0
FIN,IDN,460.0
FIN,IRL,407.0
FIN,ISL,476.0
FIN,ITA,519.0
FIN,JOR,598.0
FIN,JPN,482.0
FIN,KAZ,444.0
FIN,KOR,490.0
FIN,KSV,515.0
FIN,LTU,445.0
FIN,LUX,564.0
FIN,LVA,528.0
FIN,MAC,587.0
FIN,MAR,603.0
FIN,MDA,578.0
FIN,MEX,470.0
FIN,MLT,526.0
FIN,MNE,493.0
FIN,MYS,480.0
FIN,NLD,496.0
FIN,NOR,640.0
FIN,NZL,492.0
FIN,PAN,494.0
FIN,PER,614.0
FIN,PHL,521.0
FIN,POL,492.0
FIN,PRT,569.0
FIN,QAT,520.0
FIN,QAZ,545.0
FIN,QCI,446.0
FIN,QMR,545.0
FIN,QRT,527.0
FIN,ROU,379.0
FIN,RUS,467.0
FIN,SAU,383.0
FIN,SGP,524.0
FIN,SRB,543.0
FIN,SVK,512.0
FIN,SVN,482.0
FIN,SWE,538.0
FIN,TAP,529.0
FIN,THA,539.0
FIN,TUR,416.0
FIN,UKR,481.0
FIN,URY,561.0
FIN,USA,519.0
FIN,VNM,612.0
FRA,GBR,554.0
FRA,GEO,532.0
FRA,GRC,520.0
FRA,HKG,690.0
FRA,HRV,498.0
FRA,HUN,504.0
FRA,IDN,612.0
FRA,IRL,534.0
FRA,ISL,516.0
FRA,ITA,549.0
FRA,JOR,550.0
FRA,JPN,485.0
FRA,KAZ,522.0
FRA,KOR,534.0
FRA,KSV,602.0
FRA,LTU,412.0
FRA,LUX,480.0
FRA,LVA,488.0
FRA,MAC,466.0
FRA,MAR,477.0
FRA,MDA,498.0
FRA,MEX,546.0
FRA,MLT,548.0
FRA,MNE,512.0
FRA,MYS,497.0
FRA,NLD,619.0
FRA,NOR,559.0
FRA,NZL,486.0
FRA,PAN,428.0
FRA,PER,572.0
FRA,PHL,562.0
FRA,POL,494.0
FRA,PRT,480.0
FRA,QAT,618.0
FRA,QAZ,532.0
FRA,QCI,478.0
FRA,QMR,580.0
FRA,QRT,518.0
FRA,ROU,576.0
FRA,RUS,433.0
FRA,SAU,550.0
FRA,SGP,472.0
FRA,SRB,482.0
FRA,SVK,465.0
FRA,SVN,434.0
FRA,SWE,420.0
FRA,TAP,564.0
FRA,THA,606.0
FRA,TUR,478.0
FRA,UKR,485.0
FRA,URY,458.0
FRA,USA,560.0
FRA,VNM,656.0
GBR,GEO,532.0
GBR,GRC,378.0
GBR,HKG,588.0
GBR,HRV,510.0
GBR,HUN,450.0
GBR,IDN,470.0
GBR,IRL,442.0
GBR,ISL,422.0
GBR,ITA,355.0
GBR,JOR,452.0
GBR,JPN,533.0
GBR,KAZ,412.0
GBR,KOR,522.0
GBR,KSV,530.0
GBR,LTU,440.0
GBR,LUX,528.0
GBR,LVA,408.0
GBR,MAC,552.0
GBR,MAR,531.0
GBR,MDA,584.0
GBR,MEX,402.0
GBR,MLT,436.0
GBR,MNE,436.0
GBR,MYS,409.0
GBR,NLD,500.0
GBR,NOR,634.0
GBR,NZL,432.0
GBR,PAN,488.0
GBR,PER,468.0
GBR,PHL,494.0
GBR,POL,524.0
GBR,PRT,588.0
GBR,QAT,432.0
GBR,QAZ,496.0
GBR,QCI,408.0
GBR,QMR,488.0
GBR,QRT,492.0
GBR,ROU,452.0
GBR,RUS,445.0
GBR,SAU,356.0
GBR,SGP,452.0
GBR,SRB,458.0
GBR,SVK,530.0
GBR,SVN,466.0
GBR,SWE,568.0
GBR,TAP,570.0
GBR,THA,546.0
GBR,TUR,398.0
GBR,UKR,483.0
GBR,URY,546.0
GBR,USA,532.0
GBR,VNM,618.0
GEO,GRC,517.0
GEO,HKG,542.0
GEO,HRV,490.0
GEO,HUN,428.0
GEO,IDN,544.0
GEO,IRL,576.0
GEO,ISL,516.0
GEO,ITA,509.0
GEO,JOR,446.0
GEO,JPN,645.0
GEO,KAZ,482.0
GEO,KOR,582.0
GEO,KSV,594.0
GEO,LTU,457.0
GEO,LUX,512.0
GEO,LVA,426.0
GEO,MAC,546.0
GEO,MAR,491.0
GEO,MDA,526.0
GEO,MEX,504.0
GEO,MLT,510.0
GEO,MNE,503.0
GEO,MYS,437.0
GEO,NLD,543.0
GEO,NOR,689.0
GEO,NZL,580.0
GEO,PAN,392.0
GEO,PER,514.0
GEO,PHL,518.0
GEO,POL,592.0
GEO,PRT,532.0
GEO,QAT,454.0
GEO,QAZ,436.0
GEO,QCI,512.0
GEO,QMR,540.0
GEO,QRT,436.0
GEO,ROU,536.0
GEO,RUS,407.0
GEO,SAU,488.0
GEO,SGP,554.0
GEO,SRB,500.0
GEO,SVK,583.0
GEO,SVN,548.0
GEO,SWE,564.0
GEO,TAP,570.0
GEO,THA,558.0
GEO,TUR,548.0
GEO,UKR,563.0
GEO,URY,480.0
GEO,USA,552.0
GEO,VNM,632.0
GRC,HKG,537.0
GRC,HRV,581.0
GRC,HUN,405.0
GRC,IDN,492.0
GRC,IRL,416.0
GRC,ISL,448.0
GRC,ITA,355.0
GRC,JOR,486.0
GRC,JPN,504.0
GRC,KAZ,422.0
GRC,KOR,502.0
GRC,KSV,489.0
GRC,LTU,456.0
GRC,LUX,513.0
GRC,LVA,413.0
GRC,MAC,490.0
GRC,MAR,375.0
GRC,MDA,582.0
GRC,MEX,407.0
GRC,MLT,478.0
GRC,MNE,422.0
GRC,MYS,424.0
GRC,NLD,537.0
GRC,NOR,616.0
GRC,NZL,384.0
GRC,PAN,416.0
GRC,PER,418.0
GRC,PHL,431.0
GRC,POL,452.0
GRC,PRT,610.0
GRC,QAT,478.0
GRC,QAZ,445.0
GRC,QCI,422.0
GRC,QMR,373.0
GRC,QRT,475.0
GRC,ROU,495.0
GRC,RUS,389.0
GRC,SAU,395.0
GRC,SGP,446.0
GRC,SRB,385.0
GRC,SVK,429.0
GRC,SVN,396.0
GRC,SWE,468.0
GRC,TAP,511.0
GRC,THA,423.0
GRC,TUR,440.0
GRC,UKR,409.0
GRC,URY,403.0
GRC,USA,512.0
GRC,VNM,584.0
HKG,HRV,632.0
HKG,HUN,504.0
HKG,IDN,592.0
HKG,IRL,704.0
HKG,ISL,532.0
HKG,ITA,685.0
HKG,JOR,636.0
HKG,JPN,557.0
HKG,KAZ,666.0
HKG,KOR,544.0
HKG,KSV,654.0
HKG,LTU,679.0
HKG,LUX,544.0
HKG,LVA,558.0
HKG,MAC,526.0
HKG,MAR,667.0
HKG,MDA,682.0
HKG,MEX,576.0
HKG,MLT,668.0
HKG,MNE,591.0
HKG,MYS,553.0
HKG,NLD,523.0
HKG,NOR,727.0
HKG,NZL,628.0
HKG,PAN,630.0
HKG,PER,654.0
HKG,PHL,650.0
HKG,POL,522.0
HKG,PRT,728.0
HKG,QAT,608.0
HKG,QAZ,700.0
HKG,QCI,486.0
HKG,QMR,526.0
HKG,QRT,594.0
HKG,ROU,522.0
HKG,RUS,509.0
HKG,SAU,624.0
HKG,SGP,676.0
HKG,SRB,680.0
HKG,SVK,645.0
HKG,SVN,668.0
HKG,SWE,620.0
HKG,TAP,566.0
HKG,THA,538.0
HKG,TUR,684.0
HKG,UKR,599.0
HKG,URY,682.0
HKG,USA,592.0
HKG,VNM,664.0
HRV,HUN,488.0
HRV,IDN,502.0
HRV,IRL,442.0
HRV,ISL,514.0
HRV,ITA,515.0
HRV,JOR,536.0
HRV,JPN,575.0
HRV,KAZ,442.0
HRV,KOR,574.0
HRV,KSV,560.0
HRV,LTU,373.0
HRV,LUX,546.0
HRV,LVA,476.0
HRV,MAC,624.0
HRV,MAR,561.0
HRV,MDA,568.0
HRV,MEX,490.0
HRV,MLT,474.0
HRV,MNE,527.0
HRV,MYS,527.0
HRV,NLD,559.0
HRV,NOR,694.0
HRV,NZL,582.0
HRV,PAN,478.0
HRV,PER,662.0
HRV,PHL,546.0
HRV,POL,548.0
HRV,PRT,512.0
HRV,QAT,512.0
HRV,QAZ,534.0
HRV,QCI,450.0
HRV,QMR,642.0
HRV,QRT,498.0
HRV,ROU,382.0
HRV,RUS,439.0
HRV,SAU,462.0
HRV,SGP,618.0
HRV,SRB,498.0
HRV,SVK,411.0
HRV,SVN,516.0
HRV,SWE,496.0
HRV,TAP,440.0
HRV,THA,610.0
HRV,TUR,498.0
HRV,UKR,565.0
HRV,URY,550.0
HRV,USA,566.0
HRV,VNM,620.0
HUN,IDN,456.0
HUN,IRL,538.0
HUN,ISL,404.0
HUN,ITA,487.0
HUN,JOR,490.0
HUN,JPN,607.0
HUN,KAZ,442.0
HUN,KOR,456.0
HUN,KSV,510.0
HUN,LTU,519.0
HUN,LUX,580.0
HUN,LVA,392.0
HUN,MAC,560.0
HUN,MAR,531.0
HUN,MDA,570.0
HUN,MEX,454.0
HUN,MLT,368.0
HUN,MNE,403.0
HUN,MYS,411.0
HUN,NLD,509.0
HUN,NOR,656.0
HUN,NZL,468.0
HUN,PAN,414.0
HUN,PER,470.0
HUN,PHL,534.0
HUN,POL,554.0
HUN,PRT,538.0
HUN,QAT,494.0
HUN,QAZ,506.0
HUN,QCI,460.0
HUN,QMR,552.0
HUN,QRT,420.0
HUN,ROU,396.0
HUN,RUS,403.0
HUN,SAU,406.0
HUN,SGP,558.0
HUN,SRB,534.0
HUN,SVK,441.0
HUN,SVN,452.0
HUN,SWE,578.0
HUN,TAP,446.0
HUN,THA,454.0
HUN,TUR,454.0
HUN,UKR,527.0
HUN,URY,458.0
HUN,USA,502.0
HUN,VNM,498.0
IDN,IRL,572.0
IDN,ISL,410.0
IDN,ITA,563.0
IDN,JOR,568.0
IDN,JPN,561.0
IDN,KAZ,386.0
IDN,KOR,532.0
IDN,KSV,392.0
IDN,LTU,458.0
IDN,LUX,522.0
IDN,LVA,476.0
IDN,MAC,552.0
IDN,MAR,521.0
IDN,MDA,556.0
IDN,MEX,512.0
IDN,MLT,486.0
IDN,MNE,544.0
IDN,MYS,427.0
IDN,NLD,524.0
IDN,NOR,670.0
IDN,NZL,490.0
IDN,PAN,478.0
IDN,PER,526.0
IDN,PHL,536.0
IDN,POL,574.0
IDN,PRT,554.0
IDN,QAT,484.0
IDN,QAZ,538.0
IDN,QCI,544.0
IDN,QMR,556.0
IDN,QRT,526.0
IDN,ROU,450.0
IDN,RUS,507.0
IDN,SAU,362.0
IDN,SGP,514.0
IDN,SRB,586.0
IDN,SVK,422.0
IDN,SVN,518.0
IDN,SWE,564.0
IDN,TAP,532.0
IDN,THA,488.0
IDN,TUR,484.0
IDN,UKR,493.0
IDN,URY,484.0
IDN,USA,624.0
IDN,VNM,634.0
IRL,ISL,542.0
IRL,ITA,357.0
IRL,JOR,538.0
IRL,JPN,509.0
IRL,KAZ,420.0
IRL,KOR,562.0
IRL,KSV,624.0
IRL,LTU,472.0
IRL,LUX,512.0
IRL,LVA,528.0
IRL,MAC,508.0
IRL,MAR,487.0
IRL,MDA,494.0
IRL,MEX,468.0
IRL,MLT,430.0
IRL,MNE,522.0
IRL,MYS,527.0
IRL,NLD,475.0
IRL,NOR,659.0
IRL,NZL,492.0
IRL,PAN,456.0
IRL,PER,544.0
IRL,PHL,492.0
IRL,POL,472.0
IRL,PRT,532.0
IRL,QAT,454.0
IRL,QAZ,422.0
IRL,QCI,492.0
IRL,QMR,532.0
IRL,QRT,526.0
IRL,ROU,460.0
IRL,RUS,493.0
IRL,SAU,412.0
IRL,SGP,530.0
IRL,SRB,408.0
IRL,SVK,423.0
IRL,SVN,412.0
IRL,SWE,472.0
IRL,TAP,476.0
IRL,THA,536.0
IRL,TUR,438.0
IRL,UKR,441.0
IRL,URY,510.0
IRL,USA,466.0
IRL,VNM,670.0
ISL,ITA,455.0
ISL,JOR,528.0
ISL,JPN,589.0
ISL,KAZ,334.0
ISL,KOR,534.0
ISL,KSV,494.0
ISL,LTU,438.0
ISL,LUX,570.0
ISL,LVA,396.0
ISL,MAC,522.0
ISL,MAR,475.0
ISL,MDA,616.0
ISL,MEX,396.0
ISL,MLT,506.0
ISL,MNE,384.0
ISL,MYS,489.0
ISL,NLD,534.0
ISL,NOR,580.0
ISL,NZL,462.0
ISL,PAN,444.0
ISL,PER,410.0
ISL,PHL,490.0
ISL,POL,438.0
ISL,PRT,522.0
ISL,QAT,466.0
ISL,QAZ,474.0
ISL,QCI,460.0
ISL,QMR,636.0
ISL,QRT,486.0
ISL,ROU,436.0
ISL,RUS,425.0
ISL,SAU,346.0
ISL,SGP,496.0
ISL,SRB,444.0
ISL,SVK,432.0
ISL,SVN,378.0
ISL,SWE,566.0
ISL,TAP,568.0
ISL,THA,536.0
ISL,TUR,458.0
ISL,UKR,529.0
ISL,URY,440.0
ISL,USA,554.0
ISL,VNM,634.0
ITA,JOR,409.0
ITA,JPN,612.0
ITA,KAZ,445.0
ITA,KOR,629.0
ITA,KSV,601.0
ITA,LTU,431.0
ITA,LUX,623.0
ITA,LVA,435.0
ITA,MAC,547.0
ITA,MAR,470.0
ITA,MDA,583.0
ITA,MEX,413.0
ITA,MLT,479.0
ITA,MNE,425.0
ITA,MYS,534.0
ITA,NLD,557.0
ITA,NOR,639.0
ITA,NZL,447.0
ITA,PAN,423.0
ITA,PER,469.0
ITA,PHL,439.0
ITA,POL,517.0
ITA,PRT,551.0
ITA,QAT,477.0
ITA,QAZ,443.0
ITA,QCI,493.0
ITA,QMR,553.0
ITA,QRT,503.0
ITA,ROU,505.0
ITA,RUS,422.0
ITA,SAU,429.0
ITA,SGP,481.0
ITA,SRB,447.0
ITA,SVK,453.0
ITA,SVN,447.0
ITA,SWE,513.0
ITA,TAP,607.0
ITA,THA,505.0
ITA,TUR,443.0
ITA,UKR,490.0
ITA,URY,487.0
ITA,USA,503.0
ITA,VNM,579.0
JOR,JPN,621.0
JOR,KAZ,424.0
JOR,KOR,576.0
JOR,KSV,564.0
JOR,LTU,492.0
JOR,LUX,546.0
JOR,LVA,502.0
JOR,MAC,570.0
JOR,MAR,481.0
JOR,MDA,580.0
JOR,MEX,412.0
JOR,MLT,496.0
JOR,MNE,436.0
JOR,MYS,505.0
JOR,NLD,688.0
JOR,NOR,685.0
JOR,NZL,532.0
JOR,PAN,468.0
JOR,PER,482.0
JOR,PHL,516.0
JOR,POL,666.0
JOR,PRT,596.0
JOR,QAT,506.0
JOR,QAZ,432.0
JOR,QCI,502.0
JOR,QMR,584.0
JOR,QRT,484.0
JOR,ROU,510.0
JOR,RUS,471.0
JOR,SAU,448.0
JOR,SGP,580.0
JOR,SRB,452.0
JOR,SVK,476.0
JOR,SVN,568.0
JOR,SWE,616.0
JOR,TAP,650.0
JOR,THA,506.0
JOR,TUR,520.0
JOR,UKR,511.0
JOR,URY,508.0
JOR,USA,608.0
JOR,VNM,710.0
JPN,KAZ,619.0
JPN,KOR,527.0
JPN,KSV,603.0
JPN,LTU,592.0
JPN,LUX,555.0
JPN,LVA,583.0
JPN,MAC,487.0
JPN,MAR,632.0
JPN,MDA,631.0
JPN,MEX,535.0
JPN,MLT,621.0
JPN,MNE,578.0
JPN,MYS,456.0
JPN,NLD,468.0
JPN,NOR,479.0
JPN,NZL,491.0
JPN,PAN,583.0
JPN,PER,657.0
JPN,PHL,593.0
JPN,POL,479.0
JPN,PRT,687.0
JPN,QAT,545.0
JPN,QAZ,559.0
JPN,QCI,477.0
JPN,QMR,501.0
JPN,QRT,619.0
JPN,ROU,547.0
JPN,RUS,526.0
JPN,SAU,549.0
JPN,SGP,419.0
JPN,SRB,579.0
JPN,SVK,530.0
JPN,SVN,559.0
JPN,SWE,451.0
JPN,TAP,485.0
JPN,THA,559.0
JPN,TUR,557.0
JPN,UKR,636.0
JPN,URY,637.0
JPN,USA,517.0
JPN,VNM,595.0
KAZ,KOR,522.0
KAZ,KSV,486.0
KAZ,LTU,416.0
KAZ,LUX,532.0
KAZ,LVA,432.0
KAZ,MAC,514.0
KAZ,MAR,465.0
KAZ,MDA,494.0
KAZ,MEX,378.0
KAZ,MLT,402.0
KAZ,MNE,356.0
KAZ,MYS,449.0
KAZ,NLD,556.0
KAZ,NOR,671.0
KAZ,NZL,478.0
KAZ,PAN,340.0
KAZ,PER,398.0
KAZ,PHL,478.0
KAZ,POL,524.0
KAZ,PRT,422.0
KAZ,QAT,450.0
KAZ,QAZ,434.0
KAZ,QCI,432.0
KAZ,QMR,560.0
KAZ,QRT,474.0
KAZ,ROU,382.0
KAZ,RUS,453.0
KAZ,SAU,288.0
KAZ,SGP,510.0
KAZ,SRB,320.0
KAZ,SVK,356.0
KAZ,SVN,426.0
KAZ,SWE,576.0
KAZ,TAP,512.0
KAZ,THA,500.0
KAZ,TUR,398.0
KAZ,UKR,385.0
KAZ,URY,456.0
KAZ,USA,542.0
KAZ,VNM,668.0
KOR,KSV,622.0
KOR,LTU,644.0
KOR,LUX,584.0
KOR,LVA,618.0
KOR,MAC,442.0
KOR,MAR,587.0
KOR,MDA,560.0
KOR,MEX,580.0
KOR,MLT,510.0
KOR,MNE,576.0
KOR,MYS,431.0
KOR,NLD,528.0
KOR,NOR,568.0
KOR,NZL,550.0
KOR,PAN,618.0
KOR,PER,516.0
KOR,PHL,612.0
KOR,POL,552.0
KOR,PRT,584.0
KOR,QAT,588.0
KOR,QAZ,656.0
KOR,QCI,556.0
KOR,QMR,628.0
KOR,QRT,576.0
KOR,ROU,448.0
KOR,RUS,569.0
KOR,SAU,466.0
KOR,SGP,520.0
KOR,SRB,558.0
KOR,SVK,492.0
KOR,SVN,532.0
KOR,SWE,532.0
KOR,TAP,448.0
KOR,THA,500.0
KOR,TUR,486.0
KOR,UKR,549.0
KOR,URY,580.0
KOR,USA,668.0
KOR,VNM,656.0
KSV,LTU,513.0
KSV,LUX,672.0
KSV,LVA,534.0
KSV,MAC,610.0
KSV,MAR,569.0
KSV,MDA,590.0
KSV,MEX,496.0
KSV,MLT,586.0
KSV,MNE,515.0
KSV,MYS,501.0
KSV,NLD,597.0
KSV,NOR,714.0
KSV,NZL,552.0
KSV,PAN,504.0
KSV,PER,614.0
KSV,PHL,526.0
KSV,POL,638.0
KSV,PRT,630.0
KSV,QAT,596.0
KSV,QAZ,644.0
KSV,QCI,576.0
KSV,QMR,612.0
KSV,QRT,464.0
KSV,ROU,578.0
KSV,RUS,585.0
KSV,SAU,486.0
KSV,SGP,630.0
KSV,SRB,534.0
KSV,SVK,521.0
KSV,SVN,540.0
KSV,SWE,646.0
KSV,TAP,676.0
KSV,THA,544.0
KSV,TUR,500.0
KSV,UKR,539.0
KSV,URY,612.0
KSV,USA,644.0
KSV,VNM,598.0
LTU,LUX,445.0
LTU,LVA,395.0
LTU,MAC,608.0
LTU,MAR,433.0
LTU,MDA,500.0
LTU,MEX,417.0
LTU,MLT,484.0
LTU,MNE,494.0
LTU,MYS,456.0
LTU,NLD,589.0
LTU,NOR,611.0
LTU,NZL,464.0
LTU,PAN,358.0
LTU,PER,546.0
LTU,PHL,447.0
LTU,POL,462.0
LTU,PRT,458.0
LTU,QAT,516.0
LTU,QAZ,413.0
LTU,QCI,426.0
LTU,QMR,591.0
LTU,QRT,483.0
LTU,ROU,465.0
LTU,RUS,351.0
LTU,SAU,383.0
LTU,SGP,464.0
LTU,SRB,391.0
LTU,SVK,451.0
LTU,SVN,454.0
LTU,SWE,470.0
LTU,TAP,517.0
LTU,THA,593.0
LTU,TUR,482.0
LTU,UKR,487.0
LTU,URY,425.0
LTU,USA,532.0
LTU,VNM,732.0
LUX,LVA,530.0
LUX,MAC,494.0
LUX,MAR,453.0
LUX,MDA,594.0
LUX,MEX,542.0
LUX,MLT,564.0
LUX,MNE,545.0
LUX,MYS,535.0
LUX,NLD,588.0
LUX,NOR,633.0
LUX,NZL,530.0
LUX,PAN,504.0
LUX,PER,548.0
LUX,PHL,494.0
LUX,POL,484.0
LUX,PRT,654.0
LUX,QAT,528.0
LUX,QAZ,502.0
LUX,QCI,488.0
LUX,QMR,426.0
LUX,QRT,498.0
LUX,ROU,546.0
LUX,RUS,471.0
LUX,SAU,504.0
LUX,SGP,556.0
LUX,SRB,442.0
LUX,SVK,564.0
LUX,SVN,552.0
LUX,SWE,486.0
LUX,TAP,532.0
LUX,THA,536.0
LUX,TUR,550.0
LUX,UKR,463.0
LUX,URY,490.0
LUX,USA,596.0
LUX,VNM,776.0
LVA,MAC,588.0
LVA,MAR,455.0
LVA,MDA,542.0
LVA,MEX,486.0
LVA,MLT,482.0
LVA,MNE,459.0
LVA,MYS,361.0
LVA,NLD,508.0
LVA,NOR,605.0
LVA,NZL,468.0
LVA,PAN,368.0
LVA,PER,488.0
LVA,PHL,398.0
LVA,POL,526.0
LVA,PRT,536.0
LVA,QAT,412.0
LVA,QAZ,460.0
LVA,QCI,470.0
LVA,QMR,504.0
LVA,QRT,462.0
LVA,ROU,464.0
LVA,RUS,375.0
LVA,SAU,406.0
LVA,SGP,486.0
LVA,SRB,454.0
LVA,SVK,434.0
LVA,SVN,438.0
LVA,SWE,574.0
LVA,TAP,452.0
LVA,THA,512.0
LVA,TUR,454.0
LVA,UKR,589.0
LVA,URY,416.0
LVA,USA,520.0
LVA,VNM,590.0
MAC,MAR,603.0
MAC,MDA,550.0
MAC,MEX,574.0
MAC,MLT,590.0
MAC,MNE,554.0
MAC,MYS,549.0
MAC,NLD,449.0
MAC,NOR,633.0
MAC,NZL,488.0
MAC,PAN,564.0
MAC,PER,552.0
MAC,PHL,546.0
MAC,POL,506.0
MAC,PRT,566.0
MAC,QAT,560.0
MAC,QAZ,572.0
MAC,QCI,520.0
MAC,QMR,534.0
MAC,QRT,622.0
MAC,ROU,566.0
MAC,RUS,551.0
MAC,SAU,486.0
MAC,SGP,462.0
MAC,SRB,508.0
MAC,SVK,509.0
MAC,SVN,528.0
MAC,SWE,556.0
MAC,TAP,572.0
MAC,THA,452.0
MAC,TUR,490.0
MAC,UKR,447.0
MAC,URY,692.0
MAC,USA,612.0
MAC,VNM,692.0
MAR,MDA,655.0
MAR,MEX,491.0
MAR,MLT,573.0
MAR,MNE,499.0
MAR,MYS,472.0
MAR,NLD,599.0
MAR,NOR,626.0
MAR,NZL,489.0
MAR,PAN,439.0
MAR,PER,475.0
MAR,PHL,461.0
MAR,POL,503.0
MAR,PRT,591.0
MAR,QAT,515.0
MAR,QAZ,373.0
MAR,QCI,543.0
MAR,QMR,487.0
MAR,QRT,423.0
MAR,ROU,633.0
MAR,RUS,368.0
MAR,SAU,457.0
MAR,SGP,559.0
MAR,SRB,399.0
MAR,SVK,453.0
MAR,SVN,491.0
MAR,SWE,497.0
MAR,TAP,565.0
MAR,THA,453.0
MAR,TUR,489.0
MAR,UKR,516.0
MAR,URY,335.0
MAR,USA,571.0
MAR,VNM,681.0
MDA,MEX,518.0
MDA,MLT,562.0
MDA,MNE,596.0
MDA,MYS,527.0
MDA,NLD,596.0
MDA,NOR,788.0
MDA,NZL,628.0
MDA,PAN,462.0
MDA,PER,606.0
MDA,PHL,602.0
MDA,POL,604.0
MDA,PRT,468.0
MDA,QAT,674.0
MDA,QAZ,610.0
MDA,QCI,594.0
MDA,QMR,610.0
MDA,QRT,512.0
MDA,ROU,540.0
MDA,RUS,613.0
MDA,SAU,610.0
MDA,SGP,608.0
MDA,SRB,592.0
MDA,SVK,600.0
MDA,SVN,530.0
MDA,SWE,632.0
MDA,TAP,516.0
MDA,THA,634.0
MDA,TUR,652.0
MDA,UKR,465.0
MDA,URY,570.0
MDA,USA,646.0
MDA,VNM,594.0
MEX,MLT,498.0
MEX,MNE,395.0
MEX,MYS,481.0
MEX,NLD,518.0
MEX,NOR,620.0
MEX,NZL,434.0
MEX,PAN,414.0
MEX,PER,472.0
MEX,PHL,472.0
MEX,POL,506.0
MEX,PRT,544.0
MEX,QAT,496.0
MEX,QAZ,436.0
MEX,QCI,428.0
MEX,QMR,570.0
MEX,QRT,438.0
MEX,ROU,518.0
MEX,RUS,413.0
MEX,SAU,378.0
MEX,SGP,536.0
MEX,SRB,434.0
MEX,SVK,474.0
MEX,SVN,478.0
MEX,SWE,544.0
MEX,TAP,520.0
MEX,THA,542.0
MEX,TUR,506.0
MEX,UKR,429.0
MEX,URY,518.0
MEX,USA,512.0
MEX,VNM,650.0
MLT,MNE,478.0
MLT,MYS,457.0
MLT,NLD,538.0
MLT,NOR,630.0
MLT,NZL,516.0
MLT,PAN,458.0
MLT,PER,506.0
MLT,PHL,548.0
MLT,POL,594.0
MLT,PRT,606.0
MLT,QAT,462.0
MLT,QAZ,472.0
MLT,QCI,422.0
MLT,QMR,622.0
MLT,QRT,568.0
MLT,ROU,446.0
MLT,RUS,543.0
MLT,SAU,410.0
MLT,SGP,536.0
MLT,SRB,446.0
MLT,SVK,484.0
MLT,SVN,522.0
MLT,SWE,554.0
MLT,TAP,488.0
MLT,THA,582.0
MLT,TUR,526.0
MLT,UKR,531.0
MLT,URY,474.0
MLT,USA,526.0
MLT,VNM,630.0
MNE,MYS,494.0
MNE,NLD,619.0
MNE,NOR,668.0
MNE,NZL,464.0
MNE,PAN,468.0
MNE,PER,428.0
MNE,PHL,539.0
MNE,POL,498.0
MNE,PRT,572.0
MNE,QAT,480.0
MNE,QAZ,437.0
MNE,QCI,470.0
MNE,QMR,469.0
MNE,QRT,357.0
MNE,ROU,451.0
MNE,RUS,457.0
MNE,SAU,415.0
MNE,SGP,556.0
MNE,SRB,383.0
MNE,SVK,451.0
MNE,SVN,454.0
MNE,SWE,558.0
MNE,TAP,597.0
MNE,THA,449.0
MNE,TUR,448.0
MNE,UKR,483.0
MNE,URY,493.0
MNE,USA,602.0
MNE,VNM,688.0
MYS,NLD,458.0
MYS,NOR,612.0
MYS,NZL,459.0
MYS,PAN,453.0
MYS,PER,507.0
MYS,PHL,463.0
MYS,POL,553.0
MYS,PRT,579.0
MYS,QAT,401.0
MYS,QAZ,535.0
MYS,QCI,441.0
MYS,QMR,481.0
MYS,QRT,491.0
MYS,ROU,433.0
MYS,RUS,446.0
MYS,SAU,401.0
MYS,SGP,473.0
MYS,SRB,485.0
MYS,SVK,474.0
MYS,SVN,421.0
MYS,SWE,453.0
MYS,TAP,455.0
MYS,THA,467.0
MYS,TUR,487.0
MYS,UKR,574.0
MYS,URY,455.0
MYS,USA,579.0
MYS,VNM,593.0
NLD,NOR,642.0
NLD,NZL,480.0
NLD,PAN,558.0
NLD,PER,650.0
NLD,PHL,657.0
NLD,POL,602.0
NLD,PRT,701.0
NLD,QAT,522.0
NLD,QAZ,635.0
NLD,QCI,546.0
NLD,QMR,539.0
NLD,QRT,591.0
NLD,ROU,543.0
NLD,RUS,543.0
NLD,SAU,471.0
NLD,SGP,476.0
NLD,SRB,609.0
NLD,SVK,542.0
NLD,SVN,566.0
NLD,SWE,614.0
NLD,TAP,465.0
NLD,THA,531.0
NLD,TUR,590.0
NLD,UKR,583.0
NLD,URY,617.0
NLD,USA,529.0
NLD,VNM,576.0
NOR,NZL,474.0
NOR,PAN,700.0
NOR,PER,693.0
NOR,PHL,609.0
NOR,POL,596.0
NOR,PRT,661.0
NOR,QAT,673.0
NOR,QAZ,601.0
NOR,QCI,649.0
NOR,QMR,759.0
NOR,QRT,722.0
NOR,ROU,638.0
NOR,RUS,591.0
NOR,SAU,637.0
NOR,SGP,430.0
NOR,SRB,592.0
NOR,SVK,570.0
NOR,SVN,614.0
NOR,SWE,556.0
NOR,TAP,640.0
NOR,THA,592.0
NOR,TUR,537.0
NOR,UKR,701.0
NOR,URY,596.0
NOR,USA,731.0
NOR,VNM,702.0
NZL,PAN,406.0
NZL,PER,472.0
NZL,PHL,476.0
NZL,POL,534.0
NZL,PRT,552.0
NZL,QAT,546.0
NZL,QAZ,498.0
NZL,QCI,520.0
NZL,QMR,488.0
NZL,QRT,518.0
NZL,ROU,528.0
NZL,RUS,463.0
NZL,SAU,434.0
NZL,SGP,346.0
NZL,SRB,464.0
NZL,SVK,398.0
NZL,SVN,414.0
NZL,SWE,552.0
NZL,TAP,524.0
NZL,THA,504.0
NZL,TUR,442.0
NZL,UKR,523.0
NZL,URY,506.0
NZL,USA,504.0
NZL,VNM,640.0
PAN,PER,488.0
PAN,PHL,386.0
PAN,POL,518.0
PAN,PRT,516.0
PAN,QAT,478.0
PAN,QAZ,378.0
PAN,QCI,482.0
PAN,QMR,500.0
PAN,QRT,426.0
PAN,ROU,502.0
PAN,RUS,415.0
PAN,SAU,390.0
PAN,SGP,568.0
PAN,SRB,374.0
PAN,SVK,478.0
PAN,SVN,400.0
PAN,SWE,532.0
PAN,TAP,554.0
PAN,THA,546.0
PAN,TUR,464.0
PAN,UKR,427.0
PAN,URY,372.0
PAN,USA,424.0
PAN,VNM,634.0
PER,PHL,510.0
PER,POL,522.0
PER,PRT,526.0
PER,QAT,450.0
PER,QAZ,452.0
PER,QCI,538.0
PER,QMR,618.0
PER,QRT,554.0
PER,ROU,532.0
PER,RUS,511.0
PER,SAU,454.0
PER,SGP,556.0
PER,SRB,460.0
PER,SVK,534.0
PER,SVN,474.0
PER,SWE,604.0
PER,TAP,534.0
PER,THA,538.0
PER,TUR,530.0
PER,UKR,527.0
PER,URY,514.0
PER,USA,520.0
PER,VNM,640.0
PHL,POL,520.0
PHL,PRT,572.0
PHL,QAT,512.0
PHL,QAZ,458.0
PHL,QCI,486.0
PHL,QMR,548.0
PHL,QRT,502.0
PHL,ROU,570.0
PHL,RUS,389.0
PHL,SAU,426.0
PHL,SGP,538.0
PHL,SRB,346.0
PHL,SVK,565.0
PHL,SVN,480.0
PHL,SWE,496.0
PHL,TAP,538.0
PHL,THA,416.0
PHL,TUR,438.0
PHL,UKR,529.0
PHL,URY,516.0
PHL,USA,496.0
PHL,VNM,704.0
POL,PRT,478.0
POL,QAT,564.0
POL,QAZ,474.0
POL,QCI,418.0
POL,QMR,538.0
POL,QRT,622.0
POL,ROU,504.0
POL,RUS,465.0
POL,SAU,512.0
POL,SGP,506.0
POL,SRB,424.0
POL,SVK,548.0
POL,SVN,468.0
POL,SWE,394.0
POL,TAP,506.0
POL,THA,602.0
POL,TUR,538.0
POL,UKR,539.0
POL,URY,482.0
POL,USA,476.0
POL,VNM,688.0
PRT,QAT,576.0
PRT,QAZ,558.0
PRT,QCI,544.0
PRT,QMR,674.0
PRT,QRT,654.0
PRT,ROU,524.0
PRT,RUS,493.0
PRT,SAU,564.0
PRT,SGP,524.0
PRT,SRB,512.0
PRT,SVK,479.0
PRT,SVN,444.0
PRT,SWE,540.0
PRT,TAP,562.0
PRT,THA,638.0
PRT,TUR,456.0
PRT,UKR,533.0
PRT,URY,528.0
PRT,USA,576.0
PRT,VNM,706.0
QAT,QAZ,486.0
QAT,QCI,470.0
QAT,QMR,528.0
QAT,QRT,492.0
QAT,ROU,464.0
QAT,RUS,505.0
QAT,SAU,402.0
QAT,SGP,586.0
QAT,SRB,448.0
QAT,SVK,534.0
QAT,SVN,414.0
QAT,SWE,544.0
QAT,TAP,524.0
QAT,THA,564.0
QAT,TUR,464.0
QAT,UKR,641.0
QAT,URY,518.0
QAT,USA,452.0
QAT,VNM,644.0
QAZ,QCI,532.0
QAZ,QMR,474.0
QAZ,QRT,510.0
QAZ,ROU,544.0
QAZ,RUS,467.0
QAZ,SAU,400.0
QAZ,SGP,498.0
QAZ,SRB,414.0
QAZ,SVK,529.0
QAZ,SVN,528.0
QAZ,SWE,592.0
QAZ,TAP,544.0
QAZ,THA,564.0
QAZ,TUR,508.0
QAZ,UKR,473.0
QAZ,URY,424.0
QAZ,USA,544.0
QAZ,VNM,708.0
QCI,QMR,568.0
QCI,QRT,554.0
QCI,ROU,372.0
QCI,RUS,409.0
QCI,SAU,454.0
QCI,SGP,452.0
QCI,SRB,428.0
QCI,SVK,532.0
QCI,SVN,458.0
QCI,SWE,446.0
QCI,TAP,482.0
QCI,THA,490.0
QCI,TUR,508.0
QCI,UKR,503.0
QCI,URY,518.0
QCI,USA,512.0
QCI,VNM,648.0
QMR,QRT,496.0
QMR,ROU,540.0
QMR,RUS,533.0
QMR,SAU,580.0
QMR,SGP,596.0
QMR,SRB,478.0
QMR,SVK,539.0
QMR,SVN,512.0
QMR,SWE,588.0
QMR,TAP,622.0
QMR,THA,518.0
QMR,TUR,548.0
QMR,UKR,505.0
QMR,URY,518.0
QMR,USA,574.0
QMR,VNM,694.0
QRT,ROU,542.0
QRT,RUS,429.0
QRT,SAU,454.0
QRT,SGP,692.0
QRT,SRB,418.0
QRT,SVK,533.0
QRT,SVN,526.0
QRT,SWE,586.0
QRT,TAP,568.0
QRT,THA,450.0
QRT,TUR,518.0
QRT,UKR,545.0
QRT,URY,486.0
QRT,USA,560.0
QRT,VNM,664.0
ROU,RUS,487.0
ROU,SAU,414.0
ROU,SGP,562.0
ROU,SRB,450.0
ROU,SVK,405.0
ROU,SVN,452.0
ROU,SWE,558.0
ROU,TAP,456.0
ROU,THA,492.0
ROU,TUR,476.0
ROU,UKR,529.0
ROU,URY,544.0
ROU,USA,566.0
ROU,VNM,608.0
RUS,SAU,371.0
RUS,SGP,451.0
RUS,SRB,417.0
RUS,SVK,401.0
RUS,SVN,451.0
RUS,SWE,433.0
RUS,TAP,495.0
RUS,THA,443.0
RUS,TUR,403.0
RUS,UKR,566.0
RUS,URY,421.0
RUS,USA,453.0
RUS,VNM,633.0
SAU,SGP,474.0
SAU,SRB,412.0
SAU,SVK,383.0
SAU,SVN,478.0
SAU,SWE,544.0
SAU,TAP,486.0
SAU,THA,464.0
SAU,TUR,386.0
SAU,UKR,447.0
SAU,URY,484.0
SAU,USA,506.0
SAU,VNM,666.0
SGP,SRB,548.0
SGP,SVK,480.0
SGP,SVN,510.0
SGP,SWE,558.0
SGP,TAP,500.0
SGP,THA,602.0
SGP,TUR,442.0
SGP,UKR,593.0
SGP,URY,546.0
SGP,USA,572.0
SGP,VNM,634.0
SRB,SVK,421.0
SRB,SVN,430.0
SRB,SWE,468.0
SRB,TAP,536.0
SRB,THA,514.0
SRB,TUR,412.0
SRB,UKR,449.0
SRB,URY,450.0
SRB,USA,534.0
SRB,VNM,738.0
SVK,SVN,424.0
SVK,SWE,470.0
SVK,TAP,495.0
SVK,THA,493.0
SVK,TUR,434.0
SVK,UKR,477.0
SVK,URY,439.0
SVK,USA,573.0
SVK,VNM,662.0
SVN,SWE,414.0
SVN,TAP,602.0
SVN,THA,572.0
SVN,TUR,492.0
SVN,UKR,517.0
SVN,URY,398.0
SVN,USA,504.0
SVN,VNM,674.0
SWE,TAP,536.0
SWE,THA,542.0
SWE,TUR,516.0
SWE,UKR,551.0
SWE,URY,488.0
SWE,USA,550.0
SWE,VNM,760.0
TAP,THA,512.0
TAP,TUR,528.0
TAP,UKR,593.0
TAP,URY,558.0
TAP,USA,498.0
TAP,VNM,594.0
THA,TUR,482.0
THA,UKR,509.0
THA,URY,504.0
THA,USA,618.0
THA,VNM,612.0
TUR,UKR,523.0
TUR,URY,532.0
TUR,USA,574.0
TUR,VNM,640.0
UKR,URY,539.0
UKR,USA,681.0
UKR,VNM,655.0
URY,USA,598.0
URY,VNM,698.0
USA,VNM,578.0
