Country,Type,Rank,Feature,Importance
ALB,BEINGBULLIED,1,BELONG,0.08472845
ALB,BEINGBULLIED,2,ST004D01T,0.052598685
ALB,BEINGBULLIED,3,ATTLNACT,0.037947655
ALB,BEINGBULLIED,4,PV1READ,0.03359132
ALB,BEINGBULLIED,5,GFOFAIL,0.031523034
ALB,BEINGBULLIED,6,JOYREAD,0.031401154
ALB,BEINGBULLIED,7,EMOSUPS,0.02859131
ALB,BEINGBULLIED,8,SCREADDIFF,0.02782912
ALB,BEINGBULLIED,9,ST207Q03HA,0.0271565
ALB,BEINGBULLIED,10,PV1MATH,0.026174266
ARE,BEINGBULLIED,1,ST004D01T,0.14885701
ARE,BEINGBULLIED,2,BELONG,0.10456405
ARE,BEINGBULLIED,3,ST207Q03HA,0.067843005
ARE,BEINGBULLIED,4,DISCLIMA,0.042730372
ARE,BEINGBULLIED,5,GFOFAIL,0.03836943
ARE,BEINGBULLIED,6,ST207Q04HA,0.03528149
ARE,BEINGBULLIED,7,ST207Q05HA,0.03331962
ARE,BEINGBULLIED,8,ST207Q01HA,0.032587405
ARE,BEINGBULLIED,9,PV1READ,0.031032464
ARE,BEINGBULLIED,10,EMOSUPS,0.022723662
ARG,BEINGBULLIED,1,BELONG,0.113222644
ARG,BEINGBULLIED,2,ST004D01T,0.036344495
ARG,BEINGBULLIED,3,PERCOMP,0.03607397
ARG,BEINGBULLIED,4,GFOFAIL,0.03558275
ARG,BEINGBULLIED,5,EMOSUPS,0.03502194
ARG,BEINGBULLIED,6,DISCLIMA,0.029564744
ARG,BEINGBULLIED,7,ST207Q01HA,0.028487498
ARG,BEINGBULLIED,8,SWBP,0.025208427
ARG,BEINGBULLIED,9,ST206Q01HA,0.022053825
ARG,BEINGBULLIED,10,TEACHSUP,0.02168569
AUS,BEINGBULLIED,1,BELONG,0.15693101
AUS,BEINGBULLIED,2,DISCLIMA,0.04484897
AUS,BEINGBULLIED,3,ST004D01T,0.044232354
AUS,BEINGBULLIED,4,GFOFAIL,0.032595556
AUS,BEINGBULLIED,5,PERCOMP,0.032041553
AUS,BEINGBULLIED,6,ST185Q01HA,0.031661883
AUS,BEINGBULLIED,7,ST207Q01HA,0.030909441
AUS,BEINGBULLIED,8,PERCOOP,0.029270072
AUS,BEINGBULLIED,9,EMOSUPS,0.026668767
AUS,BEINGBULLIED,10,PV1READ,0.022836415
AUT,BEINGBULLIED,1,BELONG,0.09496191
AUT,BEINGBULLIED,2,ST004D01T,0.041748326
AUT,BEINGBULLIED,3,PERCOOP,0.04141851
AUT,BEINGBULLIED,4,ST207Q02HA,0.03614381
AUT,BEINGBULLIED,5,EMOSUPS,0.030471219
AUT,BEINGBULLIED,6,DISCLIMA,0.029975936
AUT,BEINGBULLIED,7,SWBP,0.02732116
AUT,BEINGBULLIED,8,ST207Q04HA,0.02690812
AUT,BEINGBULLIED,9,SCREADCOMP,0.026110152
AUT,BEINGBULLIED,10,GFOFAIL,0.024755532
BEL,BEINGBULLIED,1,BELONG,0.10670879
BEL,BEINGBULLIED,2,EMOSUPS,0.03655781
BEL,BEINGBULLIED,3,ST207Q02HA,0.03546386
BEL,BEINGBULLIED,4,PERCOMP,0.03171976
BEL,BEINGBULLIED,5,GFOFAIL,0.031477366
BEL,BEINGBULLIED,6,ST207Q05HA,0.030856488
BEL,BEINGBULLIED,7,ST207Q01HA,0.030199554
BEL,BEINGBULLIED,8,ST207Q03HA,0.028408427
BEL,BEINGBULLIED,9,DISCLIMA,0.028291548
BEL,BEINGBULLIED,10,ST207Q04HA,0.026980707
BGR,BEINGBULLIED,1,BELONG,0.072770216
BGR,BEINGBULLIED,2,EMOSUPS,0.042168986
BGR,BEINGBULLIED,3,SWBP,0.034685254
BGR,BEINGBULLIED,4,PERCOMP,0.031427078
BGR,BEINGBULLIED,5,ST207Q01HA,0.03027703
BGR,BEINGBULLIED,6,SCREADDIFF,0.029738177
BGR,BEINGBULLIED,7,ST004D01T,0.028016625
BGR,BEINGBULLIED,8,ST207Q03HA,0.027073372
BGR,BEINGBULLIED,9,PERCOOP,0.026625227
BGR,BEINGBULLIED,10,ST207Q04HA,0.025958065
BIH,BEINGBULLIED,1,BELONG,0.07792662
BIH,BEINGBULLIED,2,EMOSUPS,0.047580373
BIH,BEINGBULLIED,3,ST207Q02HA,0.034327656
BIH,BEINGBULLIED,4,ST004D01T,0.033962917
BIH,BEINGBULLIED,5,DISCLIMA,0.03206768
BIH,BEINGBULLIED,6,ST207Q01HA,0.030852921
BIH,BEINGBULLIED,7,ST207Q03HA,0.029741582
BIH,BEINGBULLIED,8,SWBP,0.029218761
BIH,BEINGBULLIED,9,GFOFAIL,0.026268542
BIH,BEINGBULLIED,10,ST207Q04HA,0.026020903
BLR,BEINGBULLIED,1,BELONG,0.08629592
BLR,BEINGBULLIED,2,EMOSUPS,0.060224857
BLR,BEINGBULLIED,3,DISCLIMA,0.04349016
BLR,BEINGBULLIED,4,PERCOMP,0.03550113
BLR,BEINGBULLIED,5,ST004D01T,0.03263749
BLR,BEINGBULLIED,6,SWBP,0.031993162
BLR,BEINGBULLIED,7,ST207Q03HA,0.030507727
BLR,BEINGBULLIED,8,TEACHSUP,0.028200012
BLR,BEINGBULLIED,9,ST207Q01HA,0.027890189
BLR,BEINGBULLIED,10,ST207Q04HA,0.027095908
BRA,BEINGBULLIED,1,BELONG,0.09226959
BRA,BEINGBULLIED,2,ST004D01T,0.052424744
BRA,BEINGBULLIED,3,ST207Q03HA,0.04030997
BRA,BEINGBULLIED,4,EMOSUPS,0.031658843
BRA,BEINGBULLIED,5,PERCOMP,0.030025832
BRA,BEINGBULLIED,6,DISCLIMA,0.029760977
BRA,BEINGBULLIED,7,ST207Q01HA,0.029355586
BRA,BEINGBULLIED,8,GFOFAIL,0.027520085
BRA,BEINGBULLIED,9,PV1READ,0.02676995
BRA,BEINGBULLIED,10,ST206Q01HA,0.025221692
BRN,BEINGBULLIED,1,PV1READ,0.085664265
BRN,BEINGBULLIED,2,ST004D01T,0.07292727
BRN,BEINGBULLIED,3,BELONG,0.05039669
BRN,BEINGBULLIED,4,DISCLIMA,0.039875153
BRN,BEINGBULLIED,5,PV1SCIE,0.029219795
BRN,BEINGBULLIED,6,PV1MATH,0.025097765
BRN,BEINGBULLIED,7,ST207Q02HA,0.023688508
BRN,BEINGBULLIED,8,ST207Q01HA,0.02263572
BRN,BEINGBULLIED,9,ST206Q01HA,0.022511926
BRN,BEINGBULLIED,10,SCREADDIFF,0.0220949
CAN,BEINGBULLIED,1,BELONG,0.1763151
CAN,BEINGBULLIED,2,DISCLIMA,0.053547967
CAN,BEINGBULLIED,3,SWBP,0.052475713
CAN,BEINGBULLIED,4,ST004D01T,0.04986013
CAN,BEINGBULLIED,5,GFOFAIL,0.044456467
CAN,BEINGBULLIED,6,COMPETE,0.032941777
CAN,BEINGBULLIED,7,ST207Q01HA,0.03225849
CAN,BEINGBULLIED,8,PV1MATH,0.031524826
CAN,BEINGBULLIED,9,ST207Q05HA,0.026809266
CAN,BEINGBULLIED,10,ST207Q02HA,0.025939824
CHE,BEINGBULLIED,1,BELONG,0.08705063
CHE,BEINGBULLIED,2,ST207Q04HA,0.039529264
CHE,BEINGBULLIED,3,EMOSUPS,0.03484166
CHE,BEINGBULLIED,4,GRADE,0.030373083
CHE,BEINGBULLIED,5,PERCOMP,0.028582975
CHE,BEINGBULLIED,6,PERCOOP,0.028238222
CHE,BEINGBULLIED,7,ST207Q03HA,0.027986346
CHE,BEINGBULLIED,8,PV1MATH,0.026701793
CHE,BEINGBULLIED,9,ST207Q02HA,0.025929408
CHE,BEINGBULLIED,10,DISCLIMA,0.02514464
CHL,BEINGBULLIED,1,BELONG,0.0777436
CHL,BEINGBULLIED,2,ST004D01T,0.054253146
CHL,BEINGBULLIED,3,EMOSUPS,0.037636295
CHL,BEINGBULLIED,4,ST207Q04HA,0.032282006
CHL,BEINGBULLIED,5,GFOFAIL,0.030155107
CHL,BEINGBULLIED,6,PERCOMP,0.029555328
CHL,BEINGBULLIED,7,DISCLIMA,0.028366584
CHL,BEINGBULLIED,8,ST206Q01HA,0.027494552
CHL,BEINGBULLIED,9,PV1READ,0.024771394
CHL,BEINGBULLIED,10,ST207Q05HA,0.022972537
COL,BEINGBULLIED,1,BELONG,0.068311065
COL,BEINGBULLIED,2,ST004D01T,0.048880644
COL,BEINGBULLIED,3,DISCLIMA,0.04166062
COL,BEINGBULLIED,4,ST207Q05HA,0.039255463
COL,BEINGBULLIED,5,PV1READ,0.032794923
COL,BEINGBULLIED,6,ST207Q04HA,0.03044784
COL,BEINGBULLIED,7,ST207Q03HA,0.028416151
COL,BEINGBULLIED,8,RESILIENCE,0.02689519
COL,BEINGBULLIED,9,GFOFAIL,0.02644984
COL,BEINGBULLIED,10,ST207Q01HA,0.026256282
CRI,BEINGBULLIED,1,BELONG,0.09066123
CRI,BEINGBULLIED,2,DISCLIMA,0.03414025
CRI,BEINGBULLIED,3,EMOSUPS,0.032146886
CRI,BEINGBULLIED,4,GFOFAIL,0.031070938
CRI,BEINGBULLIED,5,ST004D01T,0.03100281
CRI,BEINGBULLIED,6,SWBP,0.030779565
CRI,BEINGBULLIED,7,ST207Q05HA,0.027589977
CRI,BEINGBULLIED,8,DIRINS,0.026759692
CRI,BEINGBULLIED,9,ST207Q04HA,0.026581319
CRI,BEINGBULLIED,10,ST207Q01HA,0.026579587
CZE,BEINGBULLIED,1,BELONG,0.10166811
CZE,BEINGBULLIED,2,PERCOMP,0.048273887
CZE,BEINGBULLIED,3,DISCLIMA,0.03690684
CZE,BEINGBULLIED,4,ST206Q01HA,0.033374764
CZE,BEINGBULLIED,5,EMOSUPS,0.032275558
CZE,BEINGBULLIED,6,SWBP,0.031536195
CZE,BEINGBULLIED,7,ST004D01T,0.030826451
CZE,BEINGBULLIED,8,SCREADDIFF,0.027946578
CZE,BEINGBULLIED,9,PV1READ,0.024820639
CZE,BEINGBULLIED,10,PERCOOP,0.023149803
DEU,BEINGBULLIED,1,BELONG,0.0981631
DEU,BEINGBULLIED,2,ST207Q04HA,0.033353195
DEU,BEINGBULLIED,3,SWBP,0.031117434
DEU,BEINGBULLIED,4,ST206Q01HA,0.030828202
DEU,BEINGBULLIED,5,PERCOMP,0.027905656
DEU,BEINGBULLIED,6,ST207Q02HA,0.027248012
DEU,BEINGBULLIED,7,ST207Q03HA,0.027172837
DEU,BEINGBULLIED,8,DISCLIMA,0.02681126
DEU,BEINGBULLIED,9,ST004D01T,0.023514125
DEU,BEINGBULLIED,10,EMOSUPS,0.023095245
DNK,BEINGBULLIED,1,BELONG,0.10450426
DNK,BEINGBULLIED,2,ST004D01T,0.048842743
DNK,BEINGBULLIED,3,DISCLIMA,0.03815726
DNK,BEINGBULLIED,4,SWBP,0.0376586
DNK,BEINGBULLIED,5,PERCOMP,0.03372169
DNK,BEINGBULLIED,6,GFOFAIL,0.029133292
DNK,BEINGBULLIED,7,PERCOOP,0.026366929
DNK,BEINGBULLIED,8,ST206Q01HA,0.024850616
DNK,BEINGBULLIED,9,EMOSUPS,0.024756262
DNK,BEINGBULLIED,10,EUDMO,0.024675548
DOM,BEINGBULLIED,1,ST207Q03HA,0.07429733
DOM,BEINGBULLIED,2,BELONG,0.053780455
DOM,BEINGBULLIED,3,ST206Q01HA,0.041526668
DOM,BEINGBULLIED,4,PV1READ,0.036872707
DOM,BEINGBULLIED,5,GRADE,0.036204156
DOM,BEINGBULLIED,6,ST207Q02HA,0.034959387
DOM,BEINGBULLIED,7,ST207Q01HA,0.03295521
DOM,BEINGBULLIED,8,ST004D01T,0.03147067
DOM,BEINGBULLIED,9,PERCOMP,0.029156087
DOM,BEINGBULLIED,10,GFOFAIL,0.025349986
ESP,BEINGBULLIED,1,BELONG,0.13643612
ESP,BEINGBULLIED,2,EMOSUPS,0.048359614
ESP,BEINGBULLIED,3,GFOFAIL,0.035515018
ESP,BEINGBULLIED,4,SWBP,0.034637652
ESP,BEINGBULLIED,5,ST004D01T,0.034187656
ESP,BEINGBULLIED,6,PERCOMP,0.033307232
ESP,BEINGBULLIED,7,ST207Q02HA,0.033232488
ESP,BEINGBULLIED,8,ST206Q01HA,0.031875763
ESP,BEINGBULLIED,9,DISCLIMA,0.03023018
ESP,BEINGBULLIED,10,ST207Q03HA,0.027321482
EST,BEINGBULLIED,1,BELONG,0.09081795
EST,BEINGBULLIED,2,ST004D01T,0.05096687
EST,BEINGBULLIED,3,EMOSUPS,0.04242656
EST,BEINGBULLIED,4,ST207Q03HA,0.03072958
EST,BEINGBULLIED,5,PERCOMP,0.03065258
EST,BEINGBULLIED,6,DISCLIMA,0.027047848
EST,BEINGBULLIED,7,ST207Q04HA,0.026625618
EST,BEINGBULLIED,8,ST207Q02HA,0.025476743
EST,BEINGBULLIED,9,ST207Q05HA,0.024030503
EST,BEINGBULLIED,10,GFOFAIL,0.023712717
FIN,BEINGBULLIED,1,BELONG,0.10705502
FIN,BEINGBULLIED,2,ST004D01T,0.0389656
FIN,BEINGBULLIED,3,SWBP,0.03713477
FIN,BEINGBULLIED,4,ST207Q01HA,0.03651099
FIN,BEINGBULLIED,5,GFOFAIL,0.03462625
FIN,BEINGBULLIED,6,ST207Q04HA,0.03195128
FIN,BEINGBULLIED,7,PERCOOP,0.030005954
FIN,BEINGBULLIED,8,ST206Q01HA,0.028218284
FIN,BEINGBULLIED,9,DISCLIMA,0.028148724
FIN,BEINGBULLIED,10,REPEAT,0.026847783
FRA,BEINGBULLIED,1,BELONG,0.092515595
FRA,BEINGBULLIED,2,GFOFAIL,0.042333726
FRA,BEINGBULLIED,3,PERCOMP,0.029748704
FRA,BEINGBULLIED,4,GRADE,0.029628677
FRA,BEINGBULLIED,5,REPEAT,0.028118556
FRA,BEINGBULLIED,6,ST206Q01HA,0.027748097
FRA,BEINGBULLIED,7,SWBP,0.027236281
FRA,BEINGBULLIED,8,ST207Q02HA,0.027131384
FRA,BEINGBULLIED,9,EMOSUPS,0.027052516
FRA,BEINGBULLIED,10,ST207Q01HA,0.026407428
GBR,BEINGBULLIED,1,BELONG,0.19315189
GBR,BEINGBULLIED,2,GFOFAIL,0.04883835
GBR,BEINGBULLIED,3,ST004D01T,0.044477582
GBR,BEINGBULLIED,4,DISCLIMA,0.035432633
GBR,BEINGBULLIED,5,ST185Q01HA,0.035289016
GBR,BEINGBULLIED,6,ST207Q01HA,0.033865735
GBR,BEINGBULLIED,7,SWBP,0.029876169
GBR,BEINGBULLIED,8,PERCOMP,0.026756149
GBR,BEINGBULLIED,9,ST207Q02HA,0.021006525
GBR,BEINGBULLIED,10,COMPETE,0.020934733
GEO,BEINGBULLIED,1,BELONG,0.079908125
GEO,BEINGBULLIED,2,EMOSUPS,0.040649507
GEO,BEINGBULLIED,3,ST207Q01HA,0.037642222
GEO,BEINGBULLIED,4,ST207Q02HA,0.033386756
GEO,BEINGBULLIED,5,DISCLIMA,0.03230918
GEO,BEINGBULLIED,6,PV1READ,0.030377239
GEO,BEINGBULLIED,7,PERCOMP,0.029428976
GEO,BEINGBULLIED,8,ST207Q04HA,0.028262919
GEO,BEINGBULLIED,9,ST004D01T,0.027782267
GEO,BEINGBULLIED,10,REPEAT,0.02636057
GRC,BEINGBULLIED,1,BELONG,0.08158362
GRC,BEINGBULLIED,2,ST004D01T,0.064878255
GRC,BEINGBULLIED,3,EMOSUPS,0.03828439
GRC,BEINGBULLIED,4,ST207Q04HA,0.034147467
GRC,BEINGBULLIED,5,PV1READ,0.031452604
GRC,BEINGBULLIED,6,PERCOMP,0.03031516
GRC,BEINGBULLIED,7,SCREADDIFF,0.027768545
GRC,BEINGBULLIED,8,ST207Q02HA,0.027493887
GRC,BEINGBULLIED,9,ST207Q05HA,0.024434362
GRC,BEINGBULLIED,10,ST207Q01HA,0.022494648
HKG,BEINGBULLIED,1,ST004D01T,0.08551857
HKG,BEINGBULLIED,2,BELONG,0.07312824
HKG,BEINGBULLIED,3,ST207Q02HA,0.042419318
HKG,BEINGBULLIED,4,DISCLIMA,0.03298025
HKG,BEINGBULLIED,5,EMOSUPS,0.029215574
HKG,BEINGBULLIED,6,ST185Q01HA,0.027313853
HKG,BEINGBULLIED,7,SCREADDIFF,0.024972528
HKG,BEINGBULLIED,8,ST207Q05HA,0.024776028
HKG,BEINGBULLIED,9,ST207Q01HA,0.023998765
HKG,BEINGBULLIED,10,GFOFAIL,0.0236409
HRV,BEINGBULLIED,1,BELONG,0.084442824
HRV,BEINGBULLIED,2,PERCOMP,0.04000429
HRV,BEINGBULLIED,3,SWBP,0.037522547
HRV,BEINGBULLIED,4,PV1READ,0.02990691
HRV,BEINGBULLIED,5,ST004D01T,0.029655617
HRV,BEINGBULLIED,6,EMOSUPS,0.028813343
HRV,BEINGBULLIED,7,ST207Q03HA,0.026986806
HRV,BEINGBULLIED,8,ST207Q05HA,0.02623912
HRV,BEINGBULLIED,9,DISCLIMA,0.026138842
HRV,BEINGBULLIED,10,ST207Q02HA,0.025656791
HUN,BEINGBULLIED,1,BELONG,0.10678507
HUN,BEINGBULLIED,2,ST004D01T,0.055708915
HUN,BEINGBULLIED,3,EMOSUPS,0.033715677
HUN,BEINGBULLIED,4,SCREADDIFF,0.030063743
HUN,BEINGBULLIED,5,PERCOMP,0.029491194
HUN,BEINGBULLIED,6,ST207Q02HA,0.029397165
HUN,BEINGBULLIED,7,GFOFAIL,0.027039142
HUN,BEINGBULLIED,8,SWBP,0.026254175
HUN,BEINGBULLIED,9,ST207Q03HA,0.023488397
HUN,BEINGBULLIED,10,PERCOOP,0.022856208
IDN,BEINGBULLIED,1,BELONG,0.07100099
IDN,BEINGBULLIED,2,ST004D01T,0.064409524
IDN,BEINGBULLIED,3,DISCLIMA,0.05002868
IDN,BEINGBULLIED,4,GRADE,0.047854804
IDN,BEINGBULLIED,5,ST207Q03HA,0.042187005
IDN,BEINGBULLIED,6,PV1READ,0.03146003
IDN,BEINGBULLIED,7,ST207Q01HA,0.03138264
IDN,BEINGBULLIED,8,ST207Q05HA,0.02944097
IDN,BEINGBULLIED,9,ST207Q04HA,0.029098442
IDN,BEINGBULLIED,10,ST207Q02HA,0.025981538
IRL,BEINGBULLIED,1,BELONG,0.124821246
IRL,BEINGBULLIED,2,GFOFAIL,0.043354902
IRL,BEINGBULLIED,3,ST004D01T,0.03908585
IRL,BEINGBULLIED,4,ST207Q01HA,0.03218191
IRL,BEINGBULLIED,5,PERCOMP,0.03002874
IRL,BEINGBULLIED,6,PERCOOP,0.027446397
IRL,BEINGBULLIED,7,DISCLIMA,0.027159339
IRL,BEINGBULLIED,8,SWBP,0.025394984
IRL,BEINGBULLIED,9,ATTLNACT,0.022995062
IRL,BEINGBULLIED,10,ST207Q02HA,0.022986071
ISL,BEINGBULLIED,1,BELONG,0.07954118
ISL,BEINGBULLIED,2,SWBP,0.038031068
ISL,BEINGBULLIED,3,REPEAT,0.035694037
ISL,BEINGBULLIED,4,DISCLIMA,0.034631927
ISL,BEINGBULLIED,5,ST207Q05HA,0.034087755
ISL,BEINGBULLIED,6,ST206Q01HA,0.030683465
ISL,BEINGBULLIED,7,ST004D01T,0.029536514
ISL,BEINGBULLIED,8,ST207Q04HA,0.028061455
ISL,BEINGBULLIED,9,GFOFAIL,0.027020382
ISL,BEINGBULLIED,10,PERCOOP,0.025408957
ITA,BEINGBULLIED,1,BELONG,0.14401147
ITA,BEINGBULLIED,2,ST207Q02HA,0.05786056
ITA,BEINGBULLIED,3,EMOSUPS,0.047421414
ITA,BEINGBULLIED,4,PV1READ,0.03572758
ITA,BEINGBULLIED,5,ST207Q03HA,0.034858868
ITA,BEINGBULLIED,6,ST004D01T,0.033862036
ITA,BEINGBULLIED,7,PERCOMP,0.031597797
ITA,BEINGBULLIED,8,ST207Q04HA,0.0296302
ITA,BEINGBULLIED,9,ST207Q01HA,0.028693492
ITA,BEINGBULLIED,10,ST206Q01HA,0.028067762
JOR,BEINGBULLIED,1,ST004D01T,0.09577435
JOR,BEINGBULLIED,2,BELONG,0.08150188
JOR,BEINGBULLIED,3,ST207Q03HA,0.05809723
JOR,BEINGBULLIED,4,PV1READ,0.045722574
JOR,BEINGBULLIED,5,EMOSUPS,0.038966462
JOR,BEINGBULLIED,6,ST207Q02HA,0.030359577
JOR,BEINGBULLIED,7,GFOFAIL,0.028114857
JOR,BEINGBULLIED,8,SCREADDIFF,0.026854314
JOR,BEINGBULLIED,9,ATTLNACT,0.026661005
JOR,BEINGBULLIED,10,ST207Q04HA,0.024856636
JPN,BEINGBULLIED,1,BELONG,0.07923447
JPN,BEINGBULLIED,2,ST004D01T,0.04203844
JPN,BEINGBULLIED,3,DISCLIMA,0.034302883
JPN,BEINGBULLIED,4,GFOFAIL,0.032035597
JPN,BEINGBULLIED,5,EMOSUPS,0.029719245
JPN,BEINGBULLIED,6,PERCOMP,0.027699802
JPN,BEINGBULLIED,7,SCREADCOMP,0.026292972
JPN,BEINGBULLIED,8,ST207Q03HA,0.026231214
JPN,BEINGBULLIED,9,JOYREAD,0.025818488
JPN,BEINGBULLIED,10,PV1MATH,0.02577245
KAZ,BEINGBULLIED,1,ST004D01T,0.07385723
KAZ,BEINGBULLIED,2,BELONG,0.0729524
KAZ,BEINGBULLIED,3,EMOSUPS,0.051552355
KAZ,BEINGBULLIED,4,PV1READ,0.05100636
KAZ,BEINGBULLIED,5,ST207Q04HA,0.04779899
KAZ,BEINGBULLIED,6,ST207Q03HA,0.043338764
KAZ,BEINGBULLIED,7,DISCLIMA,0.03832778
KAZ,BEINGBULLIED,8,PERCOOP,0.031303313
KAZ,BEINGBULLIED,9,ST207Q01HA,0.030616418
KAZ,BEINGBULLIED,10,ST207Q02HA,0.02925597
KSV,BEINGBULLIED,1,ST004D01T,0.090566754
KSV,BEINGBULLIED,2,BELONG,0.050954513
KSV,BEINGBULLIED,3,PV1READ,0.04119021
KSV,BEINGBULLIED,4,ST207Q03HA,0.039006956
KSV,BEINGBULLIED,5,EMOSUPS,0.034633975
KSV,BEINGBULLIED,6,ST207Q04HA,0.027986005
KSV,BEINGBULLIED,7,ST207Q05HA,0.027760262
KSV,BEINGBULLIED,8,SCREADDIFF,0.026161078
KSV,BEINGBULLIED,9,ST206Q01HA,0.024544118
KSV,BEINGBULLIED,10,JOYREAD,0.02360776
LTU,BEINGBULLIED,1,BELONG,0.06558317
LTU,BEINGBULLIED,2,PV1READ,0.049310695
LTU,BEINGBULLIED,3,ST207Q03HA,0.044215277
LTU,BEINGBULLIED,4,ST004D01T,0.04137281
LTU,BEINGBULLIED,5,EMOSUPS,0.039590616
LTU,BEINGBULLIED,6,ST207Q04HA,0.03534929
LTU,BEINGBULLIED,7,ST207Q05HA,0.03225233
LTU,BEINGBULLIED,8,DISCLIMA,0.031817853
LTU,BEINGBULLIED,9,PERCOOP,0.031528234
LTU,BEINGBULLIED,10,ST207Q02HA,0.031327244
LUX,BEINGBULLIED,1,BELONG,0.10377694
LUX,BEINGBULLIED,2,SWBP,0.03500732
LUX,BEINGBULLIED,3,ATTLNACT,0.029227832
LUX,BEINGBULLIED,4,ST004D01T,0.028855054
LUX,BEINGBULLIED,5,DISCLIMA,0.027883533
LUX,BEINGBULLIED,6,ST185Q01HA,0.027025186
LUX,BEINGBULLIED,7,ST207Q05HA,0.026430983
LUX,BEINGBULLIED,8,ST207Q03HA,0.025642723
LUX,BEINGBULLIED,9,PERCOMP,0.025515243
LUX,BEINGBULLIED,10,PV1READ,0.025405258
LVA,BEINGBULLIED,1,BELONG,0.08620642
LVA,BEINGBULLIED,2,ST004D01T,0.05162108
LVA,BEINGBULLIED,3,DISCLIMA,0.040093563
LVA,BEINGBULLIED,4,ST184Q01HA,0.039353788
LVA,BEINGBULLIED,5,PV1READ,0.03570845
LVA,BEINGBULLIED,6,EMOSUPS,0.028992448
LVA,BEINGBULLIED,7,PERCOMP,0.02852891
LVA,BEINGBULLIED,8,PV1MATH,0.026285604
LVA,BEINGBULLIED,9,GFOFAIL,0.023536084
LVA,BEINGBULLIED,10,ST207Q03HA,0.022229118
MAC,BEINGBULLIED,1,BELONG,0.078768484
MAC,BEINGBULLIED,2,ST004D01T,0.07252844
MAC,BEINGBULLIED,3,EDUSHORT,0.036535945
MAC,BEINGBULLIED,4,DISCLIMA,0.03476229
MAC,BEINGBULLIED,5,PV1READ,0.03451072
MAC,BEINGBULLIED,6,ST207Q01HA,0.03263236
MAC,BEINGBULLIED,7,ST207Q05HA,0.028885396
MAC,BEINGBULLIED,8,PERCOMP,0.026951427
MAC,BEINGBULLIED,9,GFOFAIL,0.02538013
MAC,BEINGBULLIED,10,ST206Q01HA,0.024476776
MAR,BEINGBULLIED,1,BELONG,0.0572668
MAR,BEINGBULLIED,2,ST207Q03HA,0.03793474
MAR,BEINGBULLIED,3,ST004D01T,0.035274994
MAR,BEINGBULLIED,4,PV1READ,0.033847366
MAR,BEINGBULLIED,5,GFOFAIL,0.029701505
MAR,BEINGBULLIED,6,EMOSUPS,0.029279117
MAR,BEINGBULLIED,7,PERCOOP,0.029090043
MAR,BEINGBULLIED,8,ST207Q02HA,0.026366143
MAR,BEINGBULLIED,9,WORKMAST,0.026281746
MAR,BEINGBULLIED,10,ST207Q05HA,0.026235117
MDA,BEINGBULLIED,1,BELONG,0.08806297
MDA,BEINGBULLIED,2,DISCLIMA,0.04015884
MDA,BEINGBULLIED,3,ST206Q01HA,0.03209734
MDA,BEINGBULLIED,4,SCREADDIFF,0.031484913
MDA,BEINGBULLIED,5,EMOSUPS,0.03016529
MDA,BEINGBULLIED,6,PERCOOP,0.028397452
MDA,BEINGBULLIED,7,ST207Q01HA,0.028116642
MDA,BEINGBULLIED,8,GFOFAIL,0.026911857
MDA,BEINGBULLIED,9,PERCOMP,0.025881043
MDA,BEINGBULLIED,10,PV1READ,0.024780272
MEX,BEINGBULLIED,1,BELONG,0.08361916
MEX,BEINGBULLIED,2,EMOSUPS,0.04297562
MEX,BEINGBULLIED,3,ST207Q01HA,0.04194347
MEX,BEINGBULLIED,4,ST207Q04HA,0.03266428
MEX,BEINGBULLIED,5,DISCLIMA,0.032191675
MEX,BEINGBULLIED,6,ST004D01T,0.030929131
MEX,BEINGBULLIED,7,ST206Q01HA,0.027156597
MEX,BEINGBULLIED,8,ST207Q05HA,0.026057879
MEX,BEINGBULLIED,9,GFOFAIL,0.025846304
MEX,BEINGBULLIED,10,SWBP,0.025737816
MLT,BEINGBULLIED,1,BELONG,0.09814189
MLT,BEINGBULLIED,2,ST004D01T,0.06269072
MLT,BEINGBULLIED,3,EMOSUPS,0.037812047
MLT,BEINGBULLIED,4,DISCLIMA,0.03479144
MLT,BEINGBULLIED,5,REPEAT,0.029243276
MLT,BEINGBULLIED,6,ST207Q01HA,0.023369933
MLT,BEINGBULLIED,7,GFOFAIL,0.02246796
MLT,BEINGBULLIED,8,PERCOMP,0.022341186
MLT,BEINGBULLIED,9,METASUM,0.022271741
MLT,BEINGBULLIED,10,EUDMO,0.022124518
MNE,BEINGBULLIED,1,BELONG,0.064287424
MNE,BEINGBULLIED,2,EMOSUPS,0.04616071
MNE,BEINGBULLIED,3,ST004D01T,0.043044787
MNE,BEINGBULLIED,4,REPEAT,0.036541905
MNE,BEINGBULLIED,5,ST207Q04HA,0.036533896
MNE,BEINGBULLIED,6,ST207Q02HA,0.035991903
MNE,BEINGBULLIED,7,SCREADDIFF,0.035590515
MNE,BEINGBULLIED,8,GFOFAIL,0.030659003
MNE,BEINGBULLIED,9,SWBP,0.029597964
MNE,BEINGBULLIED,10,DISCLIMA,0.028920075
MYS,BEINGBULLIED,1,BELONG,0.082652695
MYS,BEINGBULLIED,2,ST004D01T,0.070525005
MYS,BEINGBULLIED,3,DISCLIMA,0.04514983
MYS,BEINGBULLIED,4,PERCOOP,0.036996737
MYS,BEINGBULLIED,5,ST207Q03HA,0.032763068
MYS,BEINGBULLIED,6,ST207Q04HA,0.031688772
MYS,BEINGBULLIED,7,ST207Q05HA,0.02810923
MYS,BEINGBULLIED,8,ST207Q01HA,0.02799704
MYS,BEINGBULLIED,9,ST207Q02HA,0.0264874
MYS,BEINGBULLIED,10,PERCOMP,0.024055615
NLD,BEINGBULLIED,1,BELONG,0.0616341
NLD,BEINGBULLIED,2,ST004D01T,0.046803795
NLD,BEINGBULLIED,3,DISCLIMA,0.034411173
NLD,BEINGBULLIED,4,ST207Q02HA,0.034235395
NLD,BEINGBULLIED,5,ST207Q05HA,0.032975107
NLD,BEINGBULLIED,6,ST207Q01HA,0.029968902
NLD,BEINGBULLIED,7,ST207Q03HA,0.028417092
NLD,BEINGBULLIED,8,GFOFAIL,0.028040377
NLD,BEINGBULLIED,9,PERCOMP,0.026824022
NLD,BEINGBULLIED,10,PV1MATH,0.02503393
NOR,BEINGBULLIED,1,BELONG,0.124933735
NOR,BEINGBULLIED,2,DISCLIMA,0.040116865
NOR,BEINGBULLIED,3,EMOSUPS,0.03645585
NOR,BEINGBULLIED,4,ST207Q04HA,0.03586414
NOR,BEINGBULLIED,5,TEACHSUP,0.03566337
NOR,BEINGBULLIED,6,ST004D01T,0.035648078
NOR,BEINGBULLIED,7,ST206Q01HA,0.028944302
NOR,BEINGBULLIED,8,ST207Q03HA,0.028628472
NOR,BEINGBULLIED,9,ST207Q05HA,0.0283717
NOR,BEINGBULLIED,10,PERCOOP,0.028074536
NZL,BEINGBULLIED,1,BELONG,0.1198576
NZL,BEINGBULLIED,2,ST004D01T,0.050154954
NZL,BEINGBULLIED,3,DISCLIMA,0.0396906
NZL,BEINGBULLIED,4,ST207Q01HA,0.03301309
NZL,BEINGBULLIED,5,PERCOMP,0.032357823
NZL,BEINGBULLIED,6,GFOFAIL,0.031967465
NZL,BEINGBULLIED,7,ST207Q02HA,0.027888417
NZL,BEINGBULLIED,8,EMOSUPS,0.026046075
NZL,BEINGBULLIED,9,ST207Q04HA,0.023773646
NZL,BEINGBULLIED,10,PV1READ,0.023132538
PAN,BEINGBULLIED,1,BELONG,0.05063282
PAN,BEINGBULLIED,2,PERCOMP,0.033885244
PAN,BEINGBULLIED,3,EMOSUPS,0.03360301
PAN,BEINGBULLIED,4,PV1READ,0.032020614
PAN,BEINGBULLIED,5,ST004D01T,0.03029717
PAN,BEINGBULLIED,6,ST206Q01HA,0.030037211
PAN,BEINGBULLIED,7,ST207Q03HA,0.029614208
PAN,BEINGBULLIED,8,PERCOOP,0.029282987
PAN,BEINGBULLIED,9,ATTLNACT,0.029080758
PAN,BEINGBULLIED,10,TEACHSUP,0.026973698
PER,BEINGBULLIED,1,BELONG,0.07342361
PER,BEINGBULLIED,2,ST004D01T,0.03894913
PER,BEINGBULLIED,3,ST207Q03HA,0.03604359
PER,BEINGBULLIED,4,DISCLIMA,0.031636402
PER,BEINGBULLIED,5,ST207Q01HA,0.02982578
PER,BEINGBULLIED,6,ST207Q04HA,0.025630653
PER,BEINGBULLIED,7,WORKMAST,0.025478821
PER,BEINGBULLIED,8,PV1READ,0.025263816
PER,BEINGBULLIED,9,GFOFAIL,0.024951473
PER,BEINGBULLIED,10,SCREADDIFF,0.024895292
PHL,BEINGBULLIED,1,PV1READ,0.0794605
PHL,BEINGBULLIED,2,ST207Q01HA,0.043003492
PHL,BEINGBULLIED,3,PERCOOP,0.037401974
PHL,BEINGBULLIED,4,SCREADDIFF,0.037383635
PHL,BEINGBULLIED,5,ST004D01T,0.034741428
PHL,BEINGBULLIED,6,DISCLIMA,0.033739645
PHL,BEINGBULLIED,7,BELONG,0.031903233
PHL,BEINGBULLIED,8,PV1SCIE,0.030779706
PHL,BEINGBULLIED,9,PERCOMP,0.02932997
PHL,BEINGBULLIED,10,ST207Q04HA,0.02807887
POL,BEINGBULLIED,1,BELONG,0.07317768
POL,BEINGBULLIED,2,ST004D01T,0.0449177
POL,BEINGBULLIED,3,EMOSUPS,0.038907465
POL,BEINGBULLIED,4,DISCLIMA,0.033669345
POL,BEINGBULLIED,5,ST206Q01HA,0.03096919
POL,BEINGBULLIED,6,ST207Q04HA,0.029212806
POL,BEINGBULLIED,7,PV1READ,0.028830722
POL,BEINGBULLIED,8,ST207Q02HA,0.0278316
POL,BEINGBULLIED,9,SWBP,0.026903266
POL,BEINGBULLIED,10,SCREADDIFF,0.026664823
PRT,BEINGBULLIED,1,BELONG,0.089645036
PRT,BEINGBULLIED,2,REPEAT,0.0738681
PRT,BEINGBULLIED,3,ST004D01T,0.030243974
PRT,BEINGBULLIED,4,GFOFAIL,0.029058091
PRT,BEINGBULLIED,5,DISCLIMA,0.028892556
PRT,BEINGBULLIED,6,PV1READ,0.027059441
PRT,BEINGBULLIED,7,PERCOMP,0.02618839
PRT,BEINGBULLIED,8,SWBP,0.025677387
PRT,BEINGBULLIED,9,EMOSUPS,0.024121229
PRT,BEINGBULLIED,10,RESILIENCE,0.023763834
QAT,BEINGBULLIED,1,ST004D01T,0.14907259
QAT,BEINGBULLIED,2,BELONG,0.085405335
QAT,BEINGBULLIED,3,ST207Q03HA,0.049782246
QAT,BEINGBULLIED,4,ST207Q04HA,0.03577107
QAT,BEINGBULLIED,5,GFOFAIL,0.03413209
QAT,BEINGBULLIED,6,ST207Q05HA,0.03023942
QAT,BEINGBULLIED,7,EMOSUPS,0.02877499
QAT,BEINGBULLIED,8,PV1READ,0.026982443
QAT,BEINGBULLIED,9,PERCOMP,0.026432099
QAT,BEINGBULLIED,10,ST207Q01HA,0.025995286
QAZ,BEINGBULLIED,1,ST004D01T,0.07240437
QAZ,BEINGBULLIED,2,BELONG,0.056515645
QAZ,BEINGBULLIED,3,EMOSUPS,0.04603478
QAZ,BEINGBULLIED,4,PV1READ,0.034487244
QAZ,BEINGBULLIED,5,ST207Q03HA,0.033077493
QAZ,BEINGBULLIED,6,ST207Q04HA,0.03249303
QAZ,BEINGBULLIED,7,ST207Q01HA,0.029315658
QAZ,BEINGBULLIED,8,SCREADDIFF,0.027980324
QAZ,BEINGBULLIED,9,ST206Q01HA,0.026561173
QAZ,BEINGBULLIED,10,PERCOOP,0.023457035
QCI,BEINGBULLIED,1,BELONG,0.10574522
QCI,BEINGBULLIED,2,ST004D01T,0.08546815
QCI,BEINGBULLIED,3,DISCLIMA,0.04506501
QCI,BEINGBULLIED,4,ST207Q05HA,0.038318314
QCI,BEINGBULLIED,5,PERCOOP,0.031961743
QCI,BEINGBULLIED,6,SWBP,0.03172517
QCI,BEINGBULLIED,7,ST207Q02HA,0.024919504
QCI,BEINGBULLIED,8,PERCOMP,0.024732215
QCI,BEINGBULLIED,9,GFOFAIL,0.024347953
QCI,BEINGBULLIED,10,ST206Q01HA,0.0236227
QMR,BEINGBULLIED,1,BELONG,0.050008472
QMR,BEINGBULLIED,2,ST207Q05HA,0.045258988
QMR,BEINGBULLIED,3,DISCLIMA,0.0365296
QMR,BEINGBULLIED,4,ST207Q02HA,0.036432236
QMR,BEINGBULLIED,5,SWBP,0.028410899
QMR,BEINGBULLIED,6,EMOSUPS,0.028378086
QMR,BEINGBULLIED,7,PERCOMP,0.027652401
QMR,BEINGBULLIED,8,PV1READ,0.026502248
QMR,BEINGBULLIED,9,ST207Q04HA,0.02596512
QMR,BEINGBULLIED,10,ST207Q03HA,0.025673864
QRT,BEINGBULLIED,1,BELONG,0.073297136
QRT,BEINGBULLIED,2,ST004D01T,0.04013828
QRT,BEINGBULLIED,3,EMOSUPS,0.039350644
QRT,BEINGBULLIED,4,DISCLIMA,0.037760694
QRT,BEINGBULLIED,5,ST207Q03HA,0.03342137
QRT,BEINGBULLIED,6,GFOFAIL,0.03220737
QRT,BEINGBULLIED,7,ST207Q02HA,0.031236654
QRT,BEINGBULLIED,8,ST207Q04HA,0.02959115
QRT,BEINGBULLIED,9,PERCOMP,0.029191015
QRT,BEINGBULLIED,10,ST207Q05HA,0.024813307
ROU,BEINGBULLIED,1,BELONG,0.09870376
ROU,BEINGBULLIED,2,ST004D01T,0.057119567
ROU,BEINGBULLIED,3,DISCLIMA,0.050694186
ROU,BEINGBULLIED,4,EMOSUPS,0.035073336
ROU,BEINGBULLIED,5,ST207Q04HA,0.03265473
ROU,BEINGBULLIED,6,GFOFAIL,0.027614614
ROU,BEINGBULLIED,7,ST207Q01HA,0.02666184
ROU,BEINGBULLIED,8,PV1READ,0.024218764
ROU,BEINGBULLIED,9,ST207Q02HA,0.023572143
ROU,BEINGBULLIED,10,SCREADDIFF,0.023068082
RUS,BEINGBULLIED,1,BELONG,0.085166566
RUS,BEINGBULLIED,2,ST004D01T,0.044225276
RUS,BEINGBULLIED,3,DISCLIMA,0.04399737
RUS,BEINGBULLIED,4,EMOSUPS,0.04032295
RUS,BEINGBULLIED,5,GFOFAIL,0.039539326
RUS,BEINGBULLIED,6,ST207Q01HA,0.034570538
RUS,BEINGBULLIED,7,ST207Q03HA,0.034014832
RUS,BEINGBULLIED,8,PERCOMP,0.028681625
RUS,BEINGBULLIED,9,SWBP,0.02449545
RUS,BEINGBULLIED,10,ST207Q02HA,0.024298603
SAU,BEINGBULLIED,1,ST004D01T,0.11834476
SAU,BEINGBULLIED,2,BELONG,0.06619034
SAU,BEINGBULLIED,3,EMOSUPS,0.041735772
SAU,BEINGBULLIED,4,ST207Q02HA,0.041512366
SAU,BEINGBULLIED,5,ST207Q03HA,0.039702624
SAU,BEINGBULLIED,6,ST207Q04HA,0.032929122
SAU,BEINGBULLIED,7,PERCOOP,0.026600055
SAU,BEINGBULLIED,8,DISCLIMA,0.026296476
SAU,BEINGBULLIED,9,ST206Q01HA,0.025144873
SAU,BEINGBULLIED,10,ATTLNACT,0.022622507
SGP,BEINGBULLIED,1,ST004D01T,0.13250454
SGP,BEINGBULLIED,2,BELONG,0.10001686
SGP,BEINGBULLIED,3,DISCLIMA,0.045643695
SGP,BEINGBULLIED,4,ST206Q01HA,0.028988127
SGP,BEINGBULLIED,5,ST207Q01HA,0.02722419
SGP,BEINGBULLIED,6,PERCOOP,0.026385127
SGP,BEINGBULLIED,7,GFOFAIL,0.025274836
SGP,BEINGBULLIED,8,ST207Q04HA,0.02501317
SGP,BEINGBULLIED,9,ST207Q02HA,0.024480298
SGP,BEINGBULLIED,10,PV1READ,0.02277975
SRB,BEINGBULLIED,1,BELONG,0.0716848
SRB,BEINGBULLIED,2,EMOSUPS,0.0492994
SRB,BEINGBULLIED,3,ST207Q02HA,0.04241543
SRB,BEINGBULLIED,4,ST004D01T,0.039602604
SRB,BEINGBULLIED,5,ST207Q03HA,0.0323367
SRB,BEINGBULLIED,6,PERCOMP,0.031295672
SRB,BEINGBULLIED,7,SCREADDIFF,0.030374752
SRB,BEINGBULLIED,8,GFOFAIL,0.027167073
SRB,BEINGBULLIED,9,ST206Q01HA,0.026632035
SRB,BEINGBULLIED,10,PV1READ,0.02394666
SVK,BEINGBULLIED,1,BELONG,0.080088496
SVK,BEINGBULLIED,2,EMOSUPS,0.03913052
SVK,BEINGBULLIED,3,GRADE,0.033462714
SVK,BEINGBULLIED,4,ST207Q03HA,0.032616444
SVK,BEINGBULLIED,5,ST207Q02HA,0.03066529
SVK,BEINGBULLIED,6,ST004D01T,0.030112062
SVK,BEINGBULLIED,7,SWBP,0.029283956
SVK,BEINGBULLIED,8,DISCLIMA,0.028360264
SVK,BEINGBULLIED,9,ST207Q04HA,0.027228238
SVK,BEINGBULLIED,10,GFOFAIL,0.026370386
SVN,BEINGBULLIED,1,BELONG,0.085791424
SVN,BEINGBULLIED,2,ST004D01T,0.07007527
SVN,BEINGBULLIED,3,PERCOMP,0.038915932
SVN,BEINGBULLIED,4,EMOSUPS,0.036990397
SVN,BEINGBULLIED,5,DISCLIMA,0.029868228
SVN,BEINGBULLIED,6,ST207Q03HA,0.029349424
SVN,BEINGBULLIED,7,ST207Q05HA,0.029194899
SVN,BEINGBULLIED,8,PV1READ,0.027615478
SVN,BEINGBULLIED,9,ST207Q02HA,0.025968751
SVN,BEINGBULLIED,10,ST207Q01HA,0.025929127
SWE,BEINGBULLIED,1,BELONG,0.078603946
SWE,BEINGBULLIED,2,SWBP,0.043982092
SWE,BEINGBULLIED,3,DISCLIMA,0.03389047
SWE,BEINGBULLIED,4,ST004D01T,0.033240546
SWE,BEINGBULLIED,5,GFOFAIL,0.029405216
SWE,BEINGBULLIED,6,PERCOMP,0.026161714
SWE,BEINGBULLIED,7,ST207Q04HA,0.025708485
SWE,BEINGBULLIED,8,ST206Q01HA,0.024642088
SWE,BEINGBULLIED,9,ST185Q01HA,0.024613693
SWE,BEINGBULLIED,10,EMOSUPS,0.02334522
TAP,BEINGBULLIED,1,BELONG,0.067565374
TAP,BEINGBULLIED,2,ST004D01T,0.04897636
TAP,BEINGBULLIED,3,GRADE,0.04647219
TAP,BEINGBULLIED,4,DISCLIMA,0.033556614
TAP,BEINGBULLIED,5,REPEAT,0.03215527
TAP,BEINGBULLIED,6,ST207Q05HA,0.031926755
TAP,BEINGBULLIED,7,EMOSUPS,0.030953616
TAP,BEINGBULLIED,8,ST207Q02HA,0.030682467
TAP,BEINGBULLIED,9,PERCOMP,0.029214509
TAP,BEINGBULLIED,10,ST206Q01HA,0.026615089
THA,BEINGBULLIED,1,BELONG,0.09199492
THA,BEINGBULLIED,2,ST004D01T,0.06320363
THA,BEINGBULLIED,3,ST207Q03HA,0.04876678
THA,BEINGBULLIED,4,ST207Q02HA,0.04796688
THA,BEINGBULLIED,5,PV1READ,0.0476672
THA,BEINGBULLIED,6,ST207Q01HA,0.037621357
THA,BEINGBULLIED,7,PV1MATH,0.034857906
THA,BEINGBULLIED,8,ST207Q05HA,0.031157939
THA,BEINGBULLIED,9,REPEAT,0.02864783
THA,BEINGBULLIED,10,EMOSUPS,0.028542168
TUR,BEINGBULLIED,1,BELONG,0.07833018
TUR,BEINGBULLIED,2,ST004D01T,0.07571015
TUR,BEINGBULLIED,3,EMOSUPS,0.039238557
TUR,BEINGBULLIED,4,ST207Q02HA,0.036367625
TUR,BEINGBULLIED,5,ST207Q05HA,0.03201012
TUR,BEINGBULLIED,6,DISCLIMA,0.030301975
TUR,BEINGBULLIED,7,ST207Q03HA,0.028366977
TUR,BEINGBULLIED,8,ST207Q04HA,0.027217858
TUR,BEINGBULLIED,9,PV1READ,0.025843427
TUR,BEINGBULLIED,10,GFOFAIL,0.024666406
UKR,BEINGBULLIED,1,BELONG,0.07428951
UKR,BEINGBULLIED,2,ST004D01T,0.05078727
UKR,BEINGBULLIED,3,DISCLIMA,0.04490193
UKR,BEINGBULLIED,4,EMOSUPS,0.036900297
UKR,BEINGBULLIED,5,SWBP,0.031126857
UKR,BEINGBULLIED,6,PERCOMP,0.029858004
UKR,BEINGBULLIED,7,ST207Q04HA,0.029636642
UKR,BEINGBULLIED,8,ST206Q01HA,0.028424786
UKR,BEINGBULLIED,9,ST207Q02HA,0.026800083
UKR,BEINGBULLIED,10,PERCOOP,0.026647529
URY,BEINGBULLIED,1,BELONG,0.068735674
URY,BEINGBULLIED,2,PERCOMP,0.04228027
URY,BEINGBULLIED,3,ST004D01T,0.036191035
URY,BEINGBULLIED,4,DISCLIMA,0.035327837
URY,BEINGBULLIED,5,EMOSUPS,0.030070076
URY,BEINGBULLIED,6,GFOFAIL,0.02906385
URY,BEINGBULLIED,7,ST207Q01HA,0.028253475
URY,BEINGBULLIED,8,ST207Q03HA,0.027031051
URY,BEINGBULLIED,9,ST207Q05HA,0.024967806
URY,BEINGBULLIED,10,PV1READ,0.023727026
USA,BEINGBULLIED,1,BELONG,0.10966759
USA,BEINGBULLIED,2,DISCLIMA,0.03309915
USA,BEINGBULLIED,3,GFOFAIL,0.031998612
USA,BEINGBULLIED,4,ST207Q03HA,0.031964228
USA,BEINGBULLIED,5,EUDMO,0.031096615
USA,BEINGBULLIED,6,ST004D01T,0.029810365
USA,BEINGBULLIED,7,EMOSUPS,0.027175438
USA,BEINGBULLIED,8,ST207Q01HA,0.027074121
USA,BEINGBULLIED,9,ST207Q02HA,0.026455434
USA,BEINGBULLIED,10,PERCOMP,0.026372664
VNM,BEINGBULLIED,1,BELONG,0.07451695
VNM,BEINGBULLIED,2,ST004D01T,0.06987955
VNM,BEINGBULLIED,3,PERCOMP,0.03815432
VNM,BEINGBULLIED,4,DISCLIMA,0.037662815
VNM,BEINGBULLIED,5,ST207Q01HA,0.03575307
VNM,BEINGBULLIED,6,RATCMP2,0.031290557
VNM,BEINGBULLIED,7,ST184Q01HA,0.03047864
VNM,BEINGBULLIED,8,PERCOOP,0.028685093
VNM,BEINGBULLIED,9,GFOFAIL,0.027681176
VNM,BEINGBULLIED,10,EDUSHORT,0.026947351
