Country,Type,Prevalence
ALB,BEINGBULLIED,-0.05421186641803697
ALB,BULLY_VERBAL,0.08256015096713319
ALB,BULLY_THREAT,0.07108035854694135
ALB,BULLY_PHYSICAL,0.10897939927661582
ALB,BULLY_RELATIONAL,0.10048749803428211
ARE,BEINGBULLIED,0.26866153891789274
ARE,BULLY_VERBAL,0.1739378534004254
ARE,BULLY_THREAT,0.11422939254033304
ARE,BULLY_PHYSICAL,0.16294029153913991
ARE,BULLY_RELATIONAL,0.15012709446490635
ARG,BEINGBULLIED,0.14057545688545686
ARG,BULLY_VERBAL,0.11014613778705637
ARG,BULLY_THREAT,0.05369519832985386
ARG,BULLY_PHYSICAL,0.10864300626304801
ARG,BULLY_RELATIONAL,0.09052192066805846
AUS,BEINGBULLIED,0.3501480151228733
AUS,BULLY_VERBAL,0.15820079871085266
AUS,BULLY_THREAT,0.07041266727387374
AUS,BULLY_PHYSICAL,0.08904925383591396
AUS,BULLY_RELATIONAL,0.09493449169761087
AUT,BEINGBULLIED,-0.02668921122487676
AUT,BULLY_VERBAL,0.11231990591002647
AUT,BULLY_THREAT,0.04278153484269333
AUT,BULLY_PHYSICAL,0.08350485151426051
AUT,BULLY_RELATIONAL,0.08438694501617171
BEL,BEINGBULLIED,-0.11492093993325919
BEL,BULLY_VERBAL,0.09345132743362831
BEL,BULLY_THREAT,0.02654867256637168
BEL,BULLY_PHYSICAL,0.04825958702064897
BEL,BULLY_RELATIONAL,0.07091445427728614
BGR,BEINGBULLIED,0.19210612300189647
BGR,BULLY_VERBAL,0.12353607857952399
BGR,BULLY_THREAT,0.11371363808084624
BGR,BULLY_PHYSICAL,0.1752927842840952
BGR,BULLY_RELATIONAL,0.14336985266339253
BIH,BEINGBULLIED,-0.0607486384976526
BIH,BULLY_VERBAL,0.10108024691358025
BIH,BULLY_THREAT,0.1007716049382716
BIH,BULLY_PHYSICAL,0.11712962962962963
BIH,BULLY_RELATIONAL,0.12854938271604938
BLR,BEINGBULLIED,-0.16276016550686478
BLR,BULLY_VERBAL,0.09960365328278477
BLR,BULLY_THREAT,0.049801826641392384
BLR,BULLY_PHYSICAL,0.0727210063760124
BLR,BULLY_RELATIONAL,0.08788557642598656
BRA,BEINGBULLIED,0.1410588833281201
BRA,BULLY_VERBAL,0.09952296324010851
BRA,BULLY_THREAT,0.058834533719951364
BRA,BULLY_PHYSICAL,0.08708259283509494
BRA,BULLY_RELATIONAL,0.0871761294546815
BRN,BEINGBULLIED,0.8224645353793691
BRN,BULLY_VERBAL,0.27094317516110134
BRN,BULLY_THREAT,0.1369361452841242
BRN,BULLY_PHYSICAL,0.13796133567662566
BRN,BULLY_RELATIONAL,0.11906854130052724
CAN,BEINGBULLIED,0.17009689691817212
CAN,BULLY_VERBAL,0.14753012845980665
CAN,BULLY_THREAT,0.058535293338630646
CAN,BULLY_PHYSICAL,0.08219661854941951
CAN,BULLY_RELATIONAL,0.09062817286893568
CHE,BEINGBULLIED,0.008005776275007035
CHE,BULLY_VERBAL,0.07935417382342838
CHE,BULLY_THREAT,0.04397114393679148
CHE,BULLY_PHYSICAL,0.07265544486430779
CHE,BULLY_RELATIONAL,0.07402954311233254
CHL,BEINGBULLIED,-0.005175417085427146
CHL,BULLY_VERBAL,0.0873901062852644
CHL,BULLY_THREAT,0.03792153260726939
CHL,BULLY_PHYSICAL,0.06311507676157985
CHL,BULLY_RELATIONAL,0.07807374360320168
COL,BEINGBULLIED,0.1624214368706429
COL,BULLY_VERBAL,0.1219090667375698
COL,BULLY_THREAT,0.06793406009040148
COL,BULLY_PHYSICAL,0.10542408933794203
COL,BULLY_RELATIONAL,0.12230789683594788
CRI,BEINGBULLIED,-0.024819064459090195
CRI,BULLY_VERBAL,0.11120343442736463
CRI,BULLY_THREAT,0.06785763744633708
CRI,BULLY_PHYSICAL,0.06204126852236532
CRI,BULLY_RELATIONAL,0.13142224068688546
CZE,BEINGBULLIED,-0.01304035859820702
CZE,BULLY_VERBAL,0.113263997720473
CZE,BULLY_THREAT,0.05470864795554922
CZE,BULLY_PHYSICAL,0.11654081778031058
CZE,BULLY_RELATIONAL,0.11782305171676877
DEU,BEINGBULLIED,-0.014095144804088584
DEU,BULLY_VERBAL,0.057971014492753624
DEU,BULLY_THREAT,0.022564667033571822
DEU,BULLY_PHYSICAL,0.03870849385433865
DEU,BULLY_RELATIONAL,0.043111355714547786
DNK,BEINGBULLIED,0.03269111295681063
DNK,BULLY_VERBAL,0.10839754473031213
DNK,BULLY_THREAT,0.027556484262766096
DNK,BULLY_PHYSICAL,0.07339689173305472
DNK,BULLY_RELATIONAL,0.06125114274520047
DOM,BEINGBULLIED,0.5176022190408017
DOM,BULLY_VERBAL,0.06750088121254846
DOM,BULLY_THREAT,0.05868875572788156
DOM,BULLY_PHYSICAL,0.08054282692985548
DOM,BULLY_RELATIONAL,0.07648924920690871
ESP,BEINGBULLIED,-0.23716659466706394
ESP,BULLY_VERBAL,0.06360070111009097
ESP,BULLY_THREAT,0.03191163787107364
ESP,BULLY_PHYSICAL,0.05987257602314776
ESP,BULLY_RELATIONAL,0.06003950699719
EST,BEINGBULLIED,0.08477418410041841
EST,BULLY_VERBAL,0.15763732129420616
EST,BULLY_THREAT,0.05398796087283672
EST,BULLY_PHYSICAL,0.0863431151241535
EST,BULLY_RELATIONAL,0.08276899924755456
FIN,BEINGBULLIED,-0.03183952561291609
FIN,BULLY_VERBAL,0.10585944414940697
FIN,BULLY_THREAT,0.03717472118959108
FIN,BULLY_PHYSICAL,0.05682421667551779
FIN,BULLY_RELATIONAL,0.06532129580456718
FRA,BEINGBULLIED,-0.05321974861525352
FRA,BULLY_VERBAL,0.09749524413443246
FRA,BULLY_THREAT,0.048668357641090676
FRA,BULLY_PHYSICAL,0.0702282815472416
FRA,BULLY_RELATIONAL,0.07498414711477489
GBR,BEINGBULLIED,0.22512031442917113
GBR,BULLY_VERBAL,0.17368649587494572
GBR,BULLY_THREAT,0.06361267911419888
GBR,BULLY_PHYSICAL,0.07685627442466349
GBR,BULLY_RELATIONAL,0.09046171660153424
GEO,BEINGBULLIED,-0.19742589410125408
GEO,BULLY_VERBAL,0.09099066762383345
GEO,BULLY_THREAT,0.06909547738693467
GEO,BULLY_PHYSICAL,0.12239770279971285
GEO,BULLY_RELATIONAL,0.1089375448671931
GRC,BEINGBULLIED,0.003993181818181816
GRC,BULLY_VERBAL,0.1466500078088396
GRC,BULLY_THREAT,0.06231454005934718
GRC,BULLY_PHYSICAL,0.11244729033265656
GRC,BULLY_RELATIONAL,0.09495548961424333
HKG,BEINGBULLIED,0.10762570454137496
HKG,BULLY_VERBAL,0.21716084147755507
HKG,BULLY_THREAT,0.05681629948649992
HKG,BULLY_PHYSICAL,0.12025840649329136
HKG,BULLY_RELATIONAL,0.09739937054828557
HRV,BEINGBULLIED,-0.19261416544655935
HRV,BULLY_VERBAL,0.07716749886518384
HRV,BULLY_THREAT,0.053109396277803
HRV,BULLY_PHYSICAL,0.07489786654561961
HRV,BULLY_RELATIONAL,0.0918444545316992
HUN,BEINGBULLIED,-0.11785110536218252
HUN,BULLY_VERBAL,0.09119251753702261
HUN,BULLY_THREAT,0.05339049103663289
HUN,BULLY_PHYSICAL,0.07950116913484022
HUN,BULLY_RELATIONAL,0.10853468433359315
IDN,BEINGBULLIED,0.3507845911949686
IDN,BULLY_VERBAL,0.2094561084476773
IDN,BULLY_THREAT,0.11654818978343529
IDN,BULLY_PHYSICAL,0.2402876508513804
IDN,BULLY_RELATIONAL,0.1786245660439742
IRL,BEINGBULLIED,0.1369505919142283
IRL,BULLY_VERBAL,0.12856374394835934
IRL,BULLY_THREAT,0.046082123005199926
IRL,BULLY_PHYSICAL,0.06921283844360768
IRL,BULLY_RELATIONAL,0.0656266810112964
ISL,BEINGBULLIED,-0.184606361007848
ISL,BULLY_VERBAL,0.08616504854368932
ISL,BULLY_THREAT,0.03549757281553398
ISL,BULLY_PHYSICAL,0.03640776699029126
ISL,BULLY_RELATIONAL,0.041868932038834954
ISR,BULLY_VERBAL,0.0
ISR,BULLY_THREAT,0.0
ISR,BULLY_PHYSICAL,0.0
ISR,BULLY_RELATIONAL,0.0
ITA,BEINGBULLIED,-0.07409782859782861
ITA,BULLY_VERBAL,0.08502333474756046
ITA,BULLY_THREAT,0.06728892660161222
ITA,BULLY_PHYSICAL,0.10640644887568944
ITA,BULLY_RELATIONAL,0.09053882053457785
JOR,BEINGBULLIED,0.25482436293436295
JOR,BULLY_VERBAL,0.14213990851277475
JOR,BULLY_THREAT,0.15206961954702666
JOR,BULLY_PHYSICAL,0.22403213209862768
JOR,BULLY_RELATIONAL,0.18107776414147048
JPN,BEINGBULLIED,-0.2866472100101455
JPN,BULLY_VERBAL,0.13275495171059093
JPN,BULLY_THREAT,0.02242592895727615
JPN,BULLY_PHYSICAL,0.0659682435750532
JPN,BULLY_RELATIONAL,0.05090849566213783
KAZ,BEINGBULLIED,0.08703578307801692
KAZ,BULLY_VERBAL,0.1087301994155944
KAZ,BULLY_THREAT,0.09617060542369406
KAZ,BULLY_PHYSICAL,0.12646742195109448
KAZ,BULLY_RELATIONAL,0.12077715691802943
KOR,BULLY_VERBAL,0.07819548872180451
KOR,BULLY_THREAT,0.011278195488721804
KOR,BULLY_PHYSICAL,0.01593984962406015
KOR,BULLY_RELATIONAL,0.02180451127819549
KSV,BEINGBULLIED,0.14900404420409122
KSV,BULLY_VERBAL,0.10379596678529063
KSV,BULLY_THREAT,0.09549228944246738
KSV,BULLY_PHYSICAL,0.1431395808620008
KSV,BULLY_RELATIONAL,0.13226571767497033
LBN,BULLY_VERBAL,0.0
LBN,BULLY_THREAT,0.0
LBN,BULLY_PHYSICAL,0.0
LBN,BULLY_RELATIONAL,0.0
LTU,BEINGBULLIED,0.040678472222222206
LTU,BULLY_VERBAL,0.11169208424110384
LTU,BULLY_THREAT,0.0830791575889615
LTU,BULLY_PHYSICAL,0.11358024691358025
LTU,BULLY_RELATIONAL,0.10457516339869281
LUX,BEINGBULLIED,-0.045189404998894046
LUX,BULLY_VERBAL,0.10630975143403441
LUX,BULLY_THREAT,0.052390057361376675
LUX,BULLY_PHYSICAL,0.07801147227533461
LUX,BULLY_RELATIONAL,0.09445506692160612
LVA,BEINGBULLIED,0.38022770495445457
LVA,BULLY_VERBAL,0.15670375259287195
LVA,BULLY_THREAT,0.09032623043560249
LVA,BULLY_PHYSICAL,0.14501225721289837
LVA,BULLY_RELATIONAL,0.1401093720535546
MAC,BEINGBULLIED,0.136828067361668
MAC,BULLY_VERBAL,0.20582781456953642
MAC,BULLY_THREAT,0.06675496688741722
MAC,BULLY_PHYSICAL,0.1080794701986755
MAC,BULLY_RELATIONAL,0.10596026490066225
MAR,BEINGBULLIED,0.3924410849453322
MAR,BULLY_VERBAL,0.06838861168183152
MAR,BULLY_THREAT,0.07191077194012327
MAR,BULLY_PHYSICAL,0.10507778103903728
MAR,BULLY_RELATIONAL,0.09201643674787202
MDA,BEINGBULLIED,0.01566750411861614
MDA,BULLY_VERBAL,0.10769517421278181
MDA,BULLY_THREAT,0.059623625861747714
MDA,BULLY_PHYSICAL,0.0937208869014347
MDA,BULLY_RELATIONAL,0.11924725172349543
MEX,BEINGBULLIED,-0.015500156576200436
MEX,BULLY_VERBAL,0.07398273736128237
MEX,BULLY_THREAT,0.03548431291957802
MEX,BULLY_PHYSICAL,0.052609946568023015
MEX,BULLY_RELATIONAL,0.06699547883271681
MKD,BULLY_VERBAL,0.0
MKD,BULLY_THREAT,0.0
MKD,BULLY_PHYSICAL,0.0
MKD,BULLY_RELATIONAL,0.0
MLT,BEINGBULLIED,0.328868693119767
MLT,BULLY_VERBAL,0.1641391614629795
MLT,BULLY_THREAT,0.104073743681237
MLT,BULLY_PHYSICAL,0.13143027059173357
MLT,BULLY_RELATIONAL,0.12518584597085936
MNE,BEINGBULLIED,-0.07327322704782849
MNE,BULLY_VERBAL,0.0927092709270927
MNE,BULLY_THREAT,0.09675967596759676
MNE,BULLY_PHYSICAL,0.11461146114611462
MNE,BULLY_RELATIONAL,0.12361236123612361
MYS,BEINGBULLIED,0.367803892944039
MYS,BULLY_VERBAL,0.2246768123056783
MYS,BULLY_THREAT,0.08738340697103583
MYS,BULLY_PHYSICAL,0.1503845524464081
MYS,BULLY_RELATIONAL,0.1561119293078056
NLD,BEINGBULLIED,-0.29299674728940783
NLD,BULLY_VERBAL,0.050577124868835255
NLD,BULLY_THREAT,0.012381951731374607
NLD,BULLY_PHYSICAL,0.03378803777544596
NLD,BULLY_RELATIONAL,0.04889821615949633
NOR,BEINGBULLIED,-0.12809455652835935
NOR,BULLY_VERBAL,0.10820574574230174
NOR,BULLY_THREAT,0.03492172716325477
NOR,BULLY_PHYSICAL,0.06984345432650954
NOR,BULLY_RELATIONAL,0.06743505934973336
NZL,BEINGBULLIED,0.39796270983213433
NZL,BULLY_VERBAL,0.1913170257573303
NZL,BULLY_THREAT,0.07937793617365949
NZL,BULLY_PHYSICAL,0.09330957395107727
NZL,BULLY_RELATIONAL,0.10756520330471407
PAN,BEINGBULLIED,0.18512840203274986
PAN,BULLY_VERBAL,0.0594896331738437
PAN,BULLY_THREAT,0.03939393939393939
PAN,BULLY_PHYSICAL,0.05326953748006379
PAN,BULLY_RELATIONAL,0.053588516746411484
PER,BEINGBULLIED,-0.09521800092549748
PER,BULLY_VERBAL,0.03943476832073611
PER,BULLY_THREAT,0.021360499507065395
PER,BULLY_PHYSICAL,0.04189944134078212
PER,BULLY_RELATIONAL,0.04354255668747946
PHL,BEINGBULLIED,1.2724548901545973
PHL,BULLY_VERBAL,0.4316327941379787
PHL,BULLY_THREAT,0.2990460389879718
PHL,BULLY_PHYSICAL,0.3584957832158164
PHL,BULLY_RELATIONAL,0.28121111571961843
POL,BEINGBULLIED,0.06868374825731925
POL,BULLY_VERBAL,0.12711111111111112
POL,BULLY_THREAT,0.06737777777777777
POL,BULLY_PHYSICAL,0.10666666666666667
POL,BULLY_RELATIONAL,0.14097777777777779
PRT,BEINGBULLIED,-0.2489104928131417
PRT,BULLY_VERBAL,0.07164531355360755
PRT,BULLY_THREAT,0.03590694538098449
PRT,BULLY_PHYSICAL,0.04888739042481457
PRT,BULLY_RELATIONAL,0.06001348617666891
QAT,BEINGBULLIED,0.2830111258395193
QAT,BULLY_VERBAL,0.16018223893549322
QAT,BULLY_THREAT,0.1020393404686144
QAT,BULLY_PHYSICAL,0.1570726063060457
QAT,BULLY_RELATIONAL,0.14398322244720857
QAZ,BEINGBULLIED,0.23312441724941724
QAZ,BULLY_VERBAL,0.10912553097993262
QAZ,BULLY_THREAT,0.10707484986084664
QAZ,BULLY_PHYSICAL,0.14515892778672917
QAZ,BULLY_RELATIONAL,0.12069723158048923
QCI,BEINGBULLIED,-0.233417245146651
QCI,BULLY_VERBAL,0.09089401227400895
QCI,BULLY_THREAT,0.028528777575053905
QCI,BULLY_PHYSICAL,0.09694808425941284
QCI,BULLY_RELATIONAL,0.04760325095372367
QMR,BEINGBULLIED,0.37654532791642487
QMR,BULLY_VERBAL,0.15922619047619047
QMR,BULLY_THREAT,0.1076388888888889
QMR,BULLY_PHYSICAL,0.1453373015873016
QMR,BULLY_RELATIONAL,0.14732142857142858
QRT,BEINGBULLIED,0.37360310840055083
QRT,BULLY_VERBAL,0.1624828060522696
QRT,BULLY_THREAT,0.1047111416781293
QRT,BULLY_PHYSICAL,0.15474552957359008
QRT,BULLY_RELATIONAL,0.13995873452544705
ROU,BEINGBULLIED,0.3027643665158371
ROU,BULLY_VERBAL,0.1554679802955665
ROU,BULLY_THREAT,0.10187192118226601
ROU,BULLY_PHYSICAL,0.17044334975369457
ROU,BULLY_RELATIONAL,0.14108374384236452
RUS,BEINGBULLIED,0.34591815047021945
RUS,BULLY_VERBAL,0.14037854889589904
RUS,BULLY_THREAT,0.09739747634069401
RUS,BULLY_PHYSICAL,0.13301787592008413
RUS,BULLY_RELATIONAL,0.12434279705573081
SAU,BEINGBULLIED,0.025657091391733017
SAU,BULLY_VERBAL,0.11196219035202086
SAU,BULLY_THREAT,0.09729465449804432
SAU,BULLY_PHYSICAL,0.1502607561929596
SAU,BULLY_RELATIONAL,0.13070404172099087
SGP,BEINGBULLIED,0.2621820065944418
SGP,BULLY_VERBAL,0.1938286399041342
SGP,BULLY_THREAT,0.04988016776512882
SGP,BULLY_PHYSICAL,0.08118633912522469
SGP,BULLY_RELATIONAL,0.08328340323547034
SRB,BEINGBULLIED,-0.09992129571577849
SRB,BULLY_VERBAL,0.08836435164170071
SRB,BULLY_THREAT,0.08049629293387804
SRB,BULLY_PHYSICAL,0.10485701316386746
SRB,BULLY_RELATIONAL,0.11378423362082009
SVK,BEINGBULLIED,0.06987063142437591
SVK,BULLY_VERBAL,0.10360435875943001
SVK,BULLY_THREAT,0.07812238055322716
SVK,BULLY_PHYSICAL,0.1233864207879296
SVK,BULLY_RELATIONAL,0.1310980720871752
SVN,BEINGBULLIED,-0.062232152974504254
SVN,BULLY_VERBAL,0.09279800031245118
SVN,BULLY_THREAT,0.05639743790032807
SVN,BULLY_PHYSICAL,0.09889079831276364
SVN,BULLY_RELATIONAL,0.0952976097484768
SWE,BEINGBULLIED,-0.11732926880368741
SWE,BULLY_VERBAL,0.10374273255813954
SWE,BULLY_THREAT,0.03561046511627907
SWE,BULLY_PHYSICAL,0.0728561046511628
SWE,BULLY_RELATIONAL,0.0650436046511628
TAP,BEINGBULLIED,-0.36902295664534474
TAP,BULLY_VERBAL,0.0878089189562336
TAP,BULLY_THREAT,0.01767223526163192
TAP,BULLY_PHYSICAL,0.05287864144691426
TAP,BULLY_RELATIONAL,0.0432141377882093
THA,BEINGBULLIED,0.14184626973604914
THA,BULLY_VERBAL,0.17989111548708445
THA,BULLY_THREAT,0.10540947526931542
THA,BULLY_PHYSICAL,0.14039152090814316
THA,BULLY_RELATIONAL,0.12788138538167496
TUR,BEINGBULLIED,-0.0436401685823755
TUR,BULLY_VERBAL,0.12423802612481857
TUR,BULLY_THREAT,0.08156748911465893
TUR,BULLY_PHYSICAL,0.11248185776487664
TUR,BULLY_RELATIONAL,0.12148040638606676
UKR,BEINGBULLIED,-0.031590615660490144
UKR,BULLY_VERBAL,0.09019673224408135
UKR,BULLY_THREAT,0.060520173391130375
UKR,BULLY_PHYSICAL,0.08986328776258753
UKR,BULLY_RELATIONAL,0.09436478826275425
URY,BEINGBULLIED,0.07639993024066968
URY,BULLY_VERBAL,0.07714231426942808
URY,BULLY_THREAT,0.0482614478434353
URY,BULLY_PHYSICAL,0.07524225726771804
URY,BULLY_RELATIONAL,0.07695230856925708
USA,BEINGBULLIED,0.15291235632183908
USA,BULLY_VERBAL,0.16122364613476645
USA,BULLY_THREAT,0.062422488631665975
USA,BULLY_PHYSICAL,0.0715171558495246
USA,BULLY_RELATIONAL,0.10004133939644481
VNM,BEINGBULLIED,0.08237471482889734
VNM,BULLY_VERBAL,0.13613539148223916
VNM,BULLY_THREAT,0.056351125162730144
VNM,BULLY_PHYSICAL,0.1655198065835968
VNM,BULLY_RELATIONAL,0.08647944950716013
